Unique Squirrel ID,Squirrel_Profile_ID,Location_ID,Time_ID,X,Y,Hectare_Squirrel_Number,Running,Chasing,Climbing,Eating,Foraging,Other_Activities,Other_Interactions
37F-PM-1014-03,14,390,14,-73.95613449379,40.79408238841,3,False,False,False,False,False,None,None
21B-AM-1019-04,14,126,1,-73.96885746911,40.78378252084,4,False,False,False,False,False,None,None
11B-PM-1014-08,43,883,14,-73.97428114849,40.77553361908,8,False,True,False,False,False,None,None
32E-PM-1017-14,21,391,17,-73.95964139039,40.7903128889,14,False,False,False,True,True,None,None
13E-AM-1017-05,15,757,20,-73.97026764726,40.77621268549,5,False,False,False,False,True,None,None
11H-AM-1010-03,22,392,2,-73.96836135162,40.77259088475,3,False,False,False,False,True,None,None
36H-AM-1010-02,21,393,2,-73.95412017898,40.79318117011,2,False,False,False,False,True,None,None
33F-AM-1008-02,21,758,21,-73.95826943123,40.79173678203,2,False,False,False,False,True,None,None
21C-PM-1006-01,21,616,22,-73.96742859553,40.78297239197,1,False,False,False,False,False,None,None
11D-AM-1010-03,15,617,2,-73.97225001968,40.7742879599,3,False,False,True,False,False,grooming,None
20B-PM-1013-05,33,394,15,-73.96950635353,40.78235076782,5,False,False,False,False,True,None,None
22F-PM-1014-06,21,1,14,-73.96400328265,40.78203098254,6,True,False,False,False,False,None,None
36I-PM-1007-01,15,501,3,-73.95321705049,40.791966974,1,False,False,False,False,True,None,None
5C-PM-1010-09,9,502,9,-73.97686036307,40.7702795905,9,True,False,False,False,False,None,None
7H-AM-1006-05,15,884,18,-73.9706105897,40.76981248215,5,False,True,False,False,False,None,None
16C-PM-1018-03,1,2,6,-73.97037817262,40.77875261303,3,True,False,False,True,True,None,None
14E-AM-1008-23,21,264,21,-73.97039252105,40.7765032005,23,False,False,False,False,True,walking,None
32A-PM-1013-03,10,885,15,-73.96381794397,40.79241732639,3,False,False,False,True,False,None,None
33F-AM-1008-01,21,758,21,-73.95840709747,40.79138124906,1,False,False,False,False,False,moving slowly,None
17F-AM-1007-07,33,265,10,-73.96711306801,40.77848597002,7,True,False,False,False,False,None,None
16I-AM-1008-01,2,618,21,-73.9649866016,40.77649296945,1,False,False,False,False,True,None,None
12I-AM-1013-01,22,759,7,-73.96706285582,40.77349914209,1,False,False,False,False,False,sitting,None
32F-PM-1008-07,21,395,19,-73.95873659311,40.79085243706,7,True,True,False,False,True,None,None
25A-AM-1013-04,11,396,7,-73.96717867153,40.78673527912,4,False,False,False,False,True,None,None
15E-AM-1013-01,33,760,7,-73.96929432916,40.77695361025,1,True,False,False,False,True,None,None
39G-PM-1013-06,15,397,15,-73.95400541005,40.79524459998,6,True,False,False,False,False,None,None
29I-PM-1007-01,38,886,3,-73.95765301573,40.78686594904,1,False,False,False,True,True,None,None
7E-AM-1006-02,21,398,18,-73.97380332575,40.77118468942,2,False,False,False,True,False,None,None
17C-PM-1013-05,21,761,15,-73.9704402681,40.77989656212,5,False,False,False,True,False,eating (ate upside down on a tree — #jealous),None
10A-PM-1014-01,29,887,14,-73.97569760767,40.77538973319,1,False,False,False,False,True,None,None
28A-PM-1007-05,34,127,3,-73.96624389967,40.78903818094,5,True,False,False,False,True,None,None
22F-PM-1014-05,15,1,14,-73.96431539204,40.7820818517,5,False,False,False,False,False,None,None
12B-AM-1007-01,15,503,10,-73.97420734529,40.77579573805,1,False,True,False,False,False,None,None
18A-PM-1018-01,21,399,6,-73.97161470616,40.78139110362,1,False,False,True,False,False,None,None
33H-AM-1019-02,10,619,1,-73.95657003862,40.79025610009,2,False,False,False,False,False,wrestling with mother,None
36H-PM-1008-02,21,393,19,-73.95354106571,40.79287117601,2,False,False,False,False,True,None,None
29C-AM-1007-06,15,266,10,-73.96391592984,40.7891774638,6,True,False,False,False,False,None,None
38C-PM-1014-09,12,762,14,-73.95795643386,40.7959337795,9,False,False,False,True,False,None,None
31H-PM-1008-02,10,504,19,-73.95746480975,40.78925084286,2,True,False,True,False,False,None,None
8H-AM-1017-06,15,128,20,-73.97025267533,40.77059995882,6,False,True,False,True,False,None,None
34F-AM-1007-01,33,267,10,-73.95796459404,40.79186134984,1,True,False,True,False,False,None,None
13H-PM-1010-02,21,763,9,-73.96732534173,40.7749505253,2,False,False,False,False,True,None,None
32E-AM-1007-13,21,888,10,-73.95959331954,40.79058473324,13,False,False,True,False,False,None,None
35C-AM-1007-05,21,268,10,-73.96022221167,40.79377969942,5,False,False,True,False,False,None,None
35C-PM-1013-03,38,129,15,-73.96026099208,40.79428830456,3,False,False,False,False,True,None,None
17E-AM-1017-05,12,400,20,-73.96806350709,40.77924987365,5,False,False,False,False,True,None,None
2B-PM-1013-01,33,620,15,-73.98016664354,40.76869053392,1,True,False,False,False,False,running (with nut),None
19D-AM-1007-01,3,621,10,-73.96756343269,40.78134773525,1,False,False,True,True,False,None,fenced off area can't approach
40B-AM-1019-03,39,622,1,-73.95849706432,40.79828863487,3,True,True,False,False,False,None,None
3E-PM-1008-07,15,623,19,-73.97602982412,40.76819543669,7,False,False,False,True,True,None,None
39C-PM-1006-01,21,130,22,-73.95688021498,40.79723991338,1,True,False,False,False,True,None,None
6G-AM-1008-02,3,401,21,-73.97246424364,40.76905264411,2,False,False,False,False,True,None,None
14F-AM-1007-05,10,505,10,-73.96901758385,40.776043272,5,False,False,False,True,False,None,None
6I-PM-1013-06,15,506,15,-73.97040828214,40.7690280986,6,False,False,False,False,False,playing with #5,None
15F-PM-1010-05,21,889,9,-73.96849107123,40.776881164,5,False,False,False,False,True,None,None
8B-PM-1012-02,1,3,4,-73.97686748129,40.77352326489,2,False,False,False,False,True,None,None
3A-PM-1017-06,15,402,17,-73.97970848666,40.76988852413,6,False,False,False,False,True,None,None
36I-AM-1017-02,15,501,20,-73.95281926798,40.79231304028,2,False,False,False,False,True,None,None
5E-AM-1008-06,22,764,21,-73.97456300385,40.76926026287,6,True,False,False,False,False,None,None
32E-PM-1017-13,21,391,17,-73.95950023395,40.79033657887,13,False,False,False,True,True,None,None
5F-PM-1007-03,15,131,3,-73.97418249923,40.7689486658,3,False,False,False,False,False,hiding nut,None
11B-PM-1014-05,21,765,14,-73.97492439012,40.77613935518,5,False,False,False,False,True,None,None
16E-PM-1018-06,9,766,6,-73.96838132556,40.77801434438,6,False,False,False,False,True,None,None
13F-AM-1007-02,22,624,10,-73.96942403275,40.77558981267,2,False,False,False,True,True,None,None
20B-PM-1013-10,33,394,15,-73.9689000979,40.78283647352,10,False,False,False,False,True,drank from a pond of rain water,None
3A-PM-1017-05,15,402,17,-73.98045288675,40.7696753656,5,False,False,False,False,True,None,None
29H-PM-1006-01,21,890,22,-73.95762459925,40.787386251,1,False,False,True,False,False,sitting,None
23C-PM-1014-03,21,403,14,-73.96660079356,40.78450981316,3,False,True,False,False,False,chasing (#4 across trees),None
33C-PM-1007-03,33,4,3,-73.96148483609,40.79226455219,3,False,False,False,False,True,None,None
38G-PM-1020-09,1,507,11,-73.95466541841,40.79476392415,9,False,False,False,True,True,None,None
16G-PM-1017-01,1,767,17,-73.96671140272,40.77688047025,1,False,False,False,False,True,None,None
36I-PM-1007-07,21,501,3,-73.95300355646,40.79218224576,7,False,False,False,False,True,None,None
35A-AM-1014-03,33,891,8,-73.96156965777,40.79512786224,3,False,False,False,False,True,None,None
28C-PM-1006-01,15,892,22,-73.964474836,40.78838401047,1,False,False,False,False,False,gathering acorns,gnd to tree
32D-AM-1013-06,34,508,7,-73.96107055929,40.79148296611,6,True,False,False,True,True,"eating (a mushroom),circles around us,really fat,scratching himself,grooming activity",None
22A-AM-1008-05,33,625,21,-73.96884544836,40.78453012882,5,False,False,False,True,False,None,None
40B-PM-1014-06,15,622,14,-73.95782371684,40.7980959471,6,True,False,False,False,False,None,None
19C-PM-1018-01,33,893,6,-73.96882712024,40.78097194453,1,True,True,False,True,False,None,None
35A-PM-1013-06,34,891,15,-73.96170887499,40.79445850824,6,True,False,False,False,False,None,None
14E-AM-1008-09,21,264,21,-73.97018248259,40.77665305793,9,True,True,False,False,False,None,None
15G-PM-1019-05,15,404,12,-73.96764104975,40.7766043513,5,False,False,True,False,False,None,None
10F-AM-1007-02,21,626,10,-73.97087260507,40.77235720302,2,False,False,True,False,False,None,None
42E-PM-1012-06,2,894,4,-73.95414534658,40.79821622238,6,True,False,False,False,True,None,None
22B-AM-1013-04,34,132,7,-73.9683608296,40.78429274053,4,False,False,False,False,True,None,ran from dog-walker
15F-PM-1010-06,21,889,9,-73.96805205799,40.77733866653,6,False,False,False,False,True,None,None
5A-AM-1006-05,15,627,18,-73.97871808707,40.77158778633,5,False,False,False,False,True,None,None
32H-PM-1006-01,43,133,22,-73.95659058683,40.78956540685,1,False,False,True,False,False,None,None
42C-AM-1007-02,14,405,10,-73.95657597336,40.79924616748,2,False,False,False,False,False,None,None
41D-AM-1014-01,35,269,8,-73.95515394983,40.79873846563,1,False,False,False,False,True,digging,None
21G-PM-1007-01,15,768,3,-73.9641971814,40.78135379594,1,False,False,False,True,False,None,None
14E-AM-1008-02,21,264,21,-73.96928839709,40.77685537031,2,True,False,False,False,True,walking,None
7H-PM-1006-04,21,406,22,-73.97085496708,40.76995870191,4,False,False,False,False,False,sitting,None
22F-AM-1007-01,15,1,10,-73.96397440056,40.78251119508,1,False,False,True,False,True,None,None
7F-AM-1008-16,3,628,21,-73.97302779114,40.77121454888,16,False,False,False,False,False,None,None
10F-PM-1019-05,12,134,12,-73.97105414057,40.77246916057,5,False,False,True,False,False,None,None
10A-AM-1006-04,3,895,18,-73.97615925325,40.77472135854,4,False,False,False,False,False,walking on branch,None
38F-PM-1013-05,10,769,15,-73.95440076587,40.79506897231,5,False,False,False,False,True,"being chased,was pushed by other squirrel",None
41B-PM-1014-01,33,407,14,-73.95759861614,40.79936813497,1,False,False,True,False,False,climbing (tree),None
36A-PM-1013-07,43,135,15,-73.96077013704,40.79554189909,7,False,True,False,False,False,chasing #8,None
5C-AM-1006-05,1,502,18,-73.9764036523,40.77058461851,5,False,False,False,False,True,None,None
32E-PM-1017-03,21,270,17,-73.95892495552,40.7908193285,3,False,False,False,True,False,still,None
31A-PM-1017-04,33,136,17,-73.96346234188,40.79176854045,4,False,False,False,True,True,None,None
42G-AM-1018-03,15,271,16,-73.95211101549,40.79784491433,3,True,False,False,False,False,stop to look at me—then ran,None
37D-PM-1014-04,21,137,14,-73.95748090282,40.79500136202,4,False,True,False,False,True,chasing (a chipmunk),None
37E-PM-1006-03,15,770,22,-73.95704377177,40.7948509408,3,True,False,False,False,False,None,me
24B-AM-1013-01,43,138,7,-73.96709759271,40.78541193425,1,True,False,False,True,False,took nut to bury,None
7G-AM-1010-02,21,509,2,-73.97113187903,40.77019415503,2,True,False,False,False,False,None,None
5C-PM-1010-13,33,272,9,-73.97632433838,40.77054093157,13,False,False,True,False,False,None,None
15I-AM-1008-01,15,896,21,-73.96517544644,40.77551819416,1,False,False,True,True,False,None,None
19B-PM-1018-01,29,408,6,-73.97001006176,40.78157399594,1,True,False,False,False,False,flying,None
13D-PM-1018-10,1,139,6,-73.97190561821,40.77623854706,10,False,False,False,False,True,None,None
36I-PM-1007-10,39,501,3,-73.95300409236,40.79228961769,10,False,False,False,True,False,stole (found?) an entire sandwich,None
41B-AM-1010-06,1,5,2,-73.95720937605,40.79884873002,6,False,False,True,False,False,None,None
35B-AM-1010-01,21,897,2,-73.9607746338,40.79395810694,1,False,False,False,False,False,walking w/ something in mouth,None
40D-PM-1013-01,15,629,15,-73.95663460465,40.79739233965,1,True,False,False,False,False,None,None
38B-PM-1018-02,1,273,6,-73.95920388877,40.79638267538,2,False,False,False,False,True,burying nut,None
40I-AM-1018-01,34,140,16,-73.95111187111,40.79508133459,1,True,False,False,False,True,begging,None
7B-AM-1008-10,21,510,21,-73.97699397964,40.7729537573,10,False,False,False,False,True,None,None
13D-AM-1014-08,15,139,8,-73.97125278095,40.77633103926,8,False,False,False,False,True,None,None
16G-AM-1010-03,33,767,2,-73.96711470901,40.77726246411,3,False,False,False,False,True,was hanging out w/ #2 until i showed up,None
40A-AM-1010-03,15,511,2,-73.95886602502,40.79825979475,3,False,False,False,True,True,None,dog chased
15I-PM-1012-07,34,6,4,-73.96516015418,40.7761841788,7,True,False,False,False,True,None,None
3B-PM-1007-11,21,771,3,-73.97921554737,40.76937117999,11,False,False,True,False,False,None,None
21D-AM-1008-02,21,630,21,-73.96641005044,40.78287788923,2,False,False,False,False,True,None,None
10B-PM-1014-05,33,512,14,-73.97462290946,40.7748467062,5,False,False,False,True,True,None,avoided people
13E-PM-1008-07,21,7,19,-73.97050929589,40.7761092973,7,False,False,False,True,True,None,None
41A-PM-1007-06,12,898,3,-73.95816559494,40.799770819,6,True,False,True,True,False,None,None
2F-AM-1006-05,1,274,18,-73.97555607862,40.76629923176,5,False,False,False,False,True,None,curious but shy
20B-AM-1007-01,15,394,10,-73.9696433534,40.78282080838,1,False,False,False,False,True,quietly,None
26A-PM-1006-06,15,899,22,-73.9664711607,40.78789642877,6,False,False,True,False,False,None,studying us looking for food
35E-PM-1006-07,21,409,22,-73.95759438156,40.79337552668,7,False,False,False,False,True,None,None
11G-PM-1013-01,15,141,15,-73.96941681186,40.7728877378,1,False,False,True,False,True,None,watching me
36I-PM-1007-13,15,501,3,-73.95286825078,40.79258078083,13,False,False,False,True,False,None,None
7A-AM-1006-01,33,772,18,-73.97824171151,40.77246650364,1,False,False,False,False,True,None,looked at us
7G-PM-1018-03,21,900,6,-73.97214429398,40.77007508023,3,False,False,False,False,True,None,None
14E-AM-1008-05,21,275,21,-73.96984738087,40.77698846123,5,False,False,True,False,False,nest building,None
3D-PM-1010-03,22,901,9,-73.97686527857,40.76848381682,3,False,False,False,False,False,None,None
35D-PM-1013-09,33,513,15,-73.95909928414,40.79375809857,9,False,False,False,False,True,None,None
7F-PM-1012-01,21,410,4,-73.97240639868,40.7705711898,1,True,False,False,False,False,None,None
18G-PM-1013-01,33,142,15,-73.96613613107,40.77878725612,1,False,False,False,True,True,burying,None
6F-PM-1008-01,15,143,19,-73.97307506012,40.77013042119,1,False,True,False,False,False,None,None
9F-AM-1013-04,15,631,7,-73.97197067061,40.77208681245,4,False,False,False,False,True,None,None
38E-AM-1010-09,15,773,2,-73.95621174551,40.79510443782,9,False,False,False,False,True,None,None
33G-AM-1013-02,21,144,7,-73.95640236266,40.79054235462,2,False,False,True,False,False,None,None
39G-AM-1018-01,15,397,16,-73.95326201283,40.7952475548,1,False,False,False,False,False,dead (something ran over it),None
32G-PM-1013-03,10,632,15,-73.95763493214,40.79044099124,3,False,False,False,False,True,None,None
4D-PM-1008-11,2,8,19,-73.97634308293,40.76863510972,11,False,True,False,False,False,chased #12,None
6H-AM-1008-01,2,774,21,-73.97147891368,40.76948866452,1,False,False,False,True,False,None,None
5E-AM-1008-08,21,764,21,-73.97551337107,40.7697883436,8,True,False,False,False,False,None,None
15D-PM-1017-01,15,633,17,-73.97023489828,40.77732954191,1,False,False,False,False,True,None,None
16E-AM-1014-03,15,514,8,-73.96860560853,40.77816584249,3,False,False,False,True,True,None,None
39H-PM-1013-02,23,634,15,-73.95221423604,40.79495984867,2,False,False,False,False,True,None,None
39C-PM-1006-02,21,775,22,-73.95765899975,40.79727518774,2,False,False,True,False,False,None,unaware of
31A-AM-1010-04,33,136,2,-73.96379468787,40.79157004469,4,False,False,False,False,True,None,None
9F-PM-1014-02,15,631,14,-73.9710991124,40.77238897266,2,False,False,False,True,False,None,None
21G-PM-1007-02,21,768,3,-73.96382703313,40.78104500652,2,False,False,False,True,False,None,None
2F-AM-1006-01,15,411,18,-73.97560150058,40.76700903277,1,False,False,False,False,True,None,None
20F-PM-1007-01,15,635,3,-73.96496325508,40.7809187762,1,False,False,False,True,True,None,None
35E-PM-1006-01,1,409,22,-73.95721920434,40.79315290598,1,False,False,False,False,True,None,looking/begging for food
9G-AM-1007-04,33,776,10,-73.97123088644,40.77145348474,4,False,False,False,False,False,grooming,None
5D-PM-1018-03,33,145,6,-73.97586761443,40.77016715819,3,False,False,False,False,True,None,None
14F-PM-1012-06,2,505,4,-73.96905885655,40.7766356227,6,False,False,False,True,True,None,None
23F-AM-1018-01,9,777,16,-73.9638463398,40.78340517162,1,False,False,True,False,False,None,None
39A-PM-1014-02,33,276,14,-73.95976427784,40.79763680039,2,False,True,False,False,False,None,None
13A-PM-1014-03,15,515,14,-73.9745691353,40.77710355893,3,False,False,True,False,False,None,child chasing
10B-AM-1006-02,10,778,18,-73.97487064156,40.77441749651,2,False,False,True,False,False,None,None
38B-AM-1019-01,33,273,1,-73.95972059663,40.79694095101,1,True,False,False,False,False,None,None
9G-PM-1007-06,21,636,3,-73.97108658809,40.77197032352,6,False,False,False,True,False,None,None
40B-AM-1019-02,39,622,1,-73.95853564077,40.7982737897,2,True,True,False,False,False,None,None
35D-PM-1013-04,39,779,15,-73.95877018015,40.79341239415,4,False,False,False,False,False,None,None
10G-PM-1017-10,21,9,17,-73.97072740558,40.77238890804,10,False,True,False,False,False,playing (with #9),None
13C-AM-1010-04,21,146,2,-73.97200650666,40.77640437829,4,False,False,False,False,True,None,None
32C-PM-1013-12,21,147,15,-73.96180646392,40.79215844004,12,True,False,False,False,True,None,None
37F-PM-1014-01,43,780,14,-73.95544323933,40.79456690544,1,False,False,False,False,True,None,None
31D-PM-1006-04,21,781,22,-73.96137805225,40.79078619711,4,False,False,False,True,False,None,None
15I-PM-1012-03,21,6,4,-73.96469014323,40.77599586968,3,False,False,False,False,True,None,None
19C-PM-1018-04,15,893,6,-73.96908283252,40.78180381723,4,False,False,False,False,True,None,None
10F-PM-1019-12,44,516,12,-73.97087758644,40.77247363354,12,True,False,False,False,True,None,None
18C-PM-1018-01,30,517,6,-73.9691050656,40.78081395382,1,False,False,False,False,True,None,None
7B-AM-1008-11,21,510,21,-73.97684346351,40.77284940387,11,False,False,False,False,True,None,None
40E-AM-1014-02,33,637,8,-73.95538118104,40.79708950079,2,True,False,False,False,True,None,None
38B-AM-1019-05,21,10,1,-73.95884684131,40.7963852299,5,False,False,True,False,False,sitting still,None
3B-AM-1010-09,3,11,2,-73.9788138173,40.76930017548,9,False,False,False,False,True,None,None
19B-AM-1019-02,23,902,1,-73.97001620341,40.78152774796,2,True,False,False,True,False,posing,indifferent then runs from
41B-AM-1010-07,2,5,2,-73.95705287704,40.79909738041,7,False,False,False,False,False,None,mad!
4G-AM-1006-02,11,903,18,-73.97354895379,40.76812579115,2,False,False,False,False,False,sitting in tree,None
12F-PM-1007-04,15,12,3,-73.96955079652,40.77430704234,4,False,False,False,False,True,None,stared
3B-AM-1010-08,10,638,2,-73.97871050697,40.76937081339,8,False,False,True,False,False,together w/ #7,None
17H-PM-1007-02,21,639,3,-73.9651654888,40.7777806007,2,False,False,False,False,True,None,None
38G-PM-1020-01,15,507,11,-73.95376912988,40.79412725998,1,True,False,False,False,False,None,None
4D-PM-1008-06,2,13,19,-73.97648399731,40.7691725327,6,False,False,False,False,True,None,None
3G-PM-1013-01,15,782,15,-73.97377736133,40.7673662611,1,False,False,False,False,True,None,None
15H-PM-1008-03,21,640,19,-73.96579697897,40.77604028428,3,False,False,False,False,False,not sure walk-pause-walk,None
14G-PM-1013-01,15,904,15,-73.96793363418,40.77541865796,1,False,False,True,False,False,None,watching
5D-AM-1020-01,36,641,5,-73.97611070654,40.76964206029,1,False,False,False,False,True,None,None
5C-AM-1006-02,22,642,18,-73.97716146866,40.77096779832,2,True,False,True,True,False,None,None
42H-AM-1019-02,15,412,1,-73.95107475863,40.7973106834,2,False,False,False,False,True,None,None
38A-PM-1013-03,15,783,15,-73.95980158428,40.79735227442,3,False,False,True,False,False,None,None
7G-PM-1018-05,21,900,6,-73.97187291017,40.77036926214,5,False,False,False,False,True,None,None
31A-AM-1010-05,21,136,2,-73.96387745795,40.79135321291,5,False,False,False,True,True,jumping,eventually ran from lawnmower (tail flag)
22C-AM-1013-03,24,148,7,-73.96795381633,40.78371036969,3,False,False,False,True,True,eating (mushroom),None
36F-PM-1012-04,33,14,4,-73.9564724104,40.79360555082,4,False,False,False,False,True,None,None
5C-AM-1006-03,15,642,18,-73.97708244123,40.77099613095,3,False,False,True,False,False,None,None
13H-PM-1010-05,21,784,9,-73.96776461872,40.77464928063,5,False,False,False,False,True,None,None
10F-PM-1019-02,10,15,12,-73.97107601969,40.77255060068,2,True,False,False,False,False,None,None
5I-PM-1008-01,4,905,19,-73.97112984911,40.76769026035,1,False,False,True,True,False,None,None
16D-PM-1010-13,21,149,9,-73.97027558051,40.77835477952,13,False,False,False,False,True,None,None
21G-AM-1014-07,33,277,8,-73.96388371603,40.78097479008,7,False,True,True,False,False,None,None
22B-PM-1014-05,38,413,14,-73.96836748516,40.78384726448,5,False,False,False,True,False,eating (eats with head tilted far to the right (tooth issue?)),None
3D-AM-1006-08,9,901,18,-73.97725765612,40.7679895094,8,False,False,False,True,True,None,approaches (food stand)
39H-AM-1007-01,21,634,10,-73.95196399188,40.79499117024,1,False,False,False,False,True,None,None
6D-PM-1020-01,21,150,11,-73.9754270369,40.77024115023,1,False,False,False,False,True,None,None
12E-PM-1018-06,45,16,6,-73.97123273085,40.77487029092,6,False,False,False,False,True,None,None
14D-PM-1019-04,21,17,12,-73.97123187126,40.77730530997,4,False,False,False,True,False,None,None
3E-PM-1008-03,15,623,19,-73.97612099454,40.76824045289,3,False,False,False,False,True,None,None
17F-PM-1020-03,15,265,11,-73.9671816122,40.77877522871,3,False,False,True,True,False,None,None
22D-PM-1012-04,31,414,4,-73.96657091467,40.78393843186,4,False,False,False,False,True,None,None
8A-AM-1013-03,25,18,7,-73.97702735535,40.77323994636,3,True,True,True,True,False,playing tag together,None
7E-AM-1006-03,21,398,18,-73.97370917078,40.77137325675,3,False,False,False,True,False,None,None
42G-PM-1014-03,9,518,14,-73.95205924963,40.79750762998,3,True,False,False,False,False,prancing,None
28C-PM-1006-02,21,19,22,-73.96384226615,40.78873408678,2,True,False,False,False,False,None,dog
2D-AM-1007-03,21,643,10,-73.97756817315,40.76764211903,3,False,False,True,False,False,None,None
32E-AM-1007-10,12,519,10,-73.95981553009,40.7905887827,10,False,False,False,False,True,None,None
12C-AM-1013-03,21,415,7,-73.97286607796,40.77532945256,3,False,False,False,False,True,burying,None
8F-PM-1012-04,21,785,4,-73.97241624297,40.77142602366,4,False,False,False,False,False,None,None
2H-AM-1006-02,1,151,18,-73.97314980649,40.76599631966,2,False,True,True,False,False,None,None
36I-AM-1017-05,15,501,20,-73.95278081745,40.79241672344,5,False,False,False,True,True,None,runs from (me)
32B-AM-1017-03,15,416,20,-73.9624184586,40.79215248682,3,False,False,False,False,True,None,"approaches (primarily),runs from (initially),follows"
37E-PM-1006-04,2,770,22,-73.95683430932,40.79494013509,4,False,False,False,False,True,None,doesn't see me
12B-AM-1007-02,15,503,10,-73.97414013778,40.77581342579,2,False,True,False,False,False,None,None
4E-PM-1008-08,21,906,19,-73.97535742799,40.76832116943,8,False,False,True,False,False,None,None
14A-PM-1014-01,1,520,14,-73.97372660709,40.77863383799,1,False,False,True,False,False,None,None
15F-PM-1010-07,21,521,9,-73.9678956569,40.77674095973,7,True,False,False,False,False,None,None
9B-PM-1013-07,39,417,15,-73.97609422524,40.77420356742,7,False,False,False,False,True,None,None
8C-PM-1013-05,33,20,15,-73.97584649051,40.77259574088,5,False,False,False,False,True,None,None
6B-PM-1017-04,15,786,17,-73.97670805122,40.77177087942,4,True,True,False,False,True,None,None
5D-AM-1020-02,15,145,5,-73.97602564776,40.77035731314,2,False,False,True,False,True,small jumps,None
39B-AM-1018-01,14,644,16,-73.95931266957,40.79753337016,1,False,False,False,False,False,unknown,None
40A-AM-1010-04,15,645,2,-73.95902366021,40.79826324569,4,False,False,False,False,True,None,dog chased
4E-AM-1020-01,1,522,5,-73.97547788085,40.76856190298,1,False,False,True,False,False,sitting very still,None
32E-AM-1007-01,21,519,10,-73.95976487758,40.79034430297,1,False,False,False,True,False,None,None
32E-PM-1017-04,21,152,17,-73.95894143392,40.79070738883,4,False,False,False,True,True,None,None
2D-PM-1012-02,1,646,4,-73.97798056681,40.76809315668,2,False,False,False,True,True,None,None
6F-PM-1008-05,22,153,19,-73.97331176635,40.76945846201,5,False,False,False,False,True,None,None
10B-PM-1014-02,33,21,14,-73.97517294037,40.77432841231,2,False,False,False,False,True,None,came over on tree to see me then disappeared
3C-PM-1008-02,2,647,19,-73.97863392957,40.76849186386,2,False,False,False,False,True,None,None
7F-AM-1008-02,15,410,21,-73.9726747666,40.77030226693,2,True,False,False,False,False,None,see stories and locations
7B-AM-1008-09,21,510,21,-73.97707185868,40.77297523914,9,False,False,False,False,True,None,None
38D-AM-1017-02,15,907,20,-73.95708175791,40.79642210879,2,False,False,False,False,False,hiding in log,None
10C-PM-1013-04,38,22,15,-73.97442066878,40.77496285975,4,False,False,False,True,True,None,None
6G-PM-1020-02,21,278,11,-73.97197355825,40.76930451336,2,True,True,False,False,False,None,None
26I-PM-1010-02,15,154,9,-73.95896270566,40.78475915585,2,False,False,False,False,True,hiding food,None
10A-AM-1006-03,45,523,18,-73.97622466002,40.77516407765,3,False,False,False,True,False,None,None
1B-AM-1012-07,34,418,13,-73.98006691158,40.76768251344,7,False,True,True,False,False,None,None
9A-PM-1010-04,26,908,9,-73.97679812431,40.77413165741,4,True,False,True,False,False,None,None
3D-AM-1006-03,24,648,18,-73.97733170545,40.76840359968,3,True,False,True,False,False,climbing (rock),"approaches (slightly),wary of humans"
37H-AM-1018-03,33,787,16,-73.95343334256,40.79325641633,3,False,False,False,True,False,None,None
7F-AM-1008-09,21,279,21,-73.97269580705,40.77060961263,9,False,False,True,False,False,playing w/ #8,None
6A-AM-1006-06,1,524,18,-73.97843611793,40.77247692424,6,False,False,True,False,False,None,None
32I-AM-1013-05,9,909,7,-73.95528611552,40.78897393187,5,False,False,True,False,True,None,None
7H-PM-1006-02,21,23,22,-73.97128762342,40.76958855307,2,True,False,True,True,True,None,None
2E-PM-1014-05,9,788,14,-73.97710691815,40.7670538215,5,False,False,False,False,True,None,None
12F-AM-1020-02,21,12,5,-73.96987147434,40.77438146617,2,True,False,False,False,False,None,None
14E-AM-1008-01,21,264,21,-73.96910949423,40.77676039286,1,False,False,False,True,False,walking,None
4B-PM-1018-03,21,24,6,-73.97864810095,40.76973728119,3,False,False,False,True,False,None,None
5E-PM-1012-02,2,764,4,-73.97547422951,40.76969983272,2,False,False,False,True,True,None,None
15F-AM-1007-09,22,789,10,-73.96810727677,40.7768612676,9,False,False,True,False,True,None,None
31F-PM-1007-01,33,280,3,-73.95914003662,40.78917085993,1,False,False,False,False,False,None,None
8B-PM-1012-03,1,649,4,-73.97671916297,40.77307862987,3,False,False,False,False,True,None,None
23D-AM-1013-01,15,155,7,-73.96612628851,40.78440855509,1,False,False,True,False,False,None,"approaches (he saw me,came towards,then darted up)"
39H-PM-1013-01,33,634,15,-73.95219500564,40.79493734085,1,False,False,False,True,False,None,ran away when a human approached with a dog
38C-AM-1019-04,21,762,1,-73.95792185872,40.79606050288,4,False,False,False,False,True,None,None
30B-PM-1019-08,1,25,12,-73.96398328861,40.79095324371,8,False,False,True,True,True,None,None
4F-PM-1013-04,15,910,15,-73.97446790372,40.76865203529,4,False,False,False,True,True,None,None
3E-PM-1008-05,21,623,19,-73.97585796669,40.76793265488,5,False,False,False,True,False,jump,None
35A-AM-1014-05,39,891,8,-73.96190702297,40.79525566925,5,True,False,False,False,False,None,None
5A-PM-1010-01,33,156,9,-73.97877969212,40.77075265354,1,False,False,False,False,True,None,None
33I-AM-1008-03,21,281,21,-73.95500820565,40.78945215434,3,False,False,True,False,False,None,None
37C-PM-1013-03,33,419,15,-73.95874012743,40.79603222229,3,False,False,False,False,True,None,None
33B-PM-1010-11,21,420,9,-73.96194119179,40.79235366403,11,False,False,False,False,False,None,None
10G-PM-1017-06,15,9,17,-73.97015758911,40.77309732824,6,False,False,False,False,True,None,None
37I-AM-1010-01,21,282,2,-73.95290606692,40.79279097354,1,False,False,False,False,True,None,None
37G-PM-1007-07,15,26,3,-73.95473366661,40.79389377563,7,True,False,False,False,False,None,None
11G-AM-1012-01,15,790,13,-73.96914333567,40.77317083332,1,True,False,False,False,False,None,None
13C-PM-1019-01,21,283,12,-73.97209073846,40.77629878361,1,False,False,True,False,False,None,None
20A-AM-1010-02,15,421,2,-73.97092814714,40.78280979398,2,False,False,False,False,True,None,None
15A-PM-1017-01,1,284,17,-73.97311132652,40.77866406764,1,False,False,True,True,False,eating in tree,None
16E-AM-1014-02,15,514,8,-73.96842541969,40.77809016436,2,False,False,False,True,True,None,None
37E-PM-1006-06,9,770,22,-73.95606798644,40.79478870623,6,False,False,False,True,True,None,None
22C-AM-1013-01,15,27,7,-73.96796613084,40.78373883907,1,False,False,False,False,False,"sitting still,tail over back",None
16F-PM-1013-02,15,791,15,-73.96740695246,40.77725296624,2,False,False,False,False,True,None,None
8H-AM-1017-04,15,650,20,-73.96961736778,40.77052027905,4,False,False,False,True,False,None,None
1G-PM-1010-01,33,285,9,-73.97565735791,40.7656644063,1,False,False,True,True,False,None,too busy eating in his tree
20A-PM-1017-01,15,421,17,-73.97006916296,40.78288936452,1,False,False,False,False,True,None,None
37B-AM-1018-03,21,28,16,-73.95969646417,40.79577535916,3,False,False,False,False,True,None,None
15F-PM-1010-03,21,889,9,-73.96856040137,40.77734399091,3,False,False,False,False,True,None,None
37E-PM-1006-09,9,770,22,-73.95734259619,40.79443596542,9,False,False,False,False,False,moseying,None
35D-PM-1013-03,39,911,15,-73.95862140817,40.79374739687,3,False,False,False,True,False,None,None
36I-AM-1017-06,35,29,20,-73.95281497798,40.79249848106,6,True,False,True,False,False,None,None
3I-PM-1013-07,35,912,15,-73.97174254943,40.76642276767,7,False,False,False,False,True,None,None
12G-PM-1007-04,38,286,3,-73.96951764177,40.774172519,4,False,False,False,False,True,None,None
4D-PM-1008-08,2,13,19,-73.97623482246,40.76945223153,8,False,False,True,True,True,climbed fence staring at me - went up tree,None
39H-AM-1007-02,15,634,10,-73.95230018344,40.79492310002,2,False,False,False,True,True,None,None
8C-PM-1013-08,46,20,15,-73.97502837949,40.77241019278,8,False,False,False,False,True,None,None
15E-PM-1008-05,21,157,19,-73.96897001003,40.77751695628,5,False,False,False,False,False,sitting,None
10I-AM-1010-03,33,158,2,-73.9683965842,40.7718679849,3,False,False,False,False,True,None,None
32I-AM-1013-01,15,287,7,-73.95540958236,40.7887305802,1,False,False,False,False,True,None,None
19B-PM-1018-05,23,902,6,-73.96960011841,40.78208106735,5,False,False,False,True,False,None,None
3B-PM-1007-03,21,11,3,-73.97950812747,40.76914315485,3,False,False,False,False,True,None,None
35E-PM-1006-06,21,288,22,-73.95787795566,40.79341165397,6,False,False,False,False,True,None,None
38C-AM-1019-07,15,762,1,-73.95835611236,40.79601445957,7,True,False,False,False,True,None,None
19H-AM-1010-05,15,159,2,-73.9646610348,40.77905835443,5,False,False,False,True,True,None,None
32D-PM-1006-09,47,508,22,-73.96060106718,40.79172438501,9,False,False,False,True,False,None,None
39G-PM-1013-04,15,397,15,-73.95397347709,40.7956055442,4,False,True,False,True,False,None,None
38G-PM-1020-10,1,507,11,-73.95406166602,40.79515566032,10,True,False,False,False,False,None,None
34I-PM-1010-01,21,525,9,-73.95457990245,40.79080840399,1,False,False,False,True,False,None,None
12A-PM-1013-04,38,422,15,-73.97439905767,40.77686907232,4,False,True,False,False,False,chasing #3,None
19F-AM-1007-02,9,651,10,-73.96590343597,40.77975166888,2,False,False,False,True,False,None,None
20C-PM-1018-09,34,423,6,-73.96843760386,40.78242750672,9,True,False,False,False,True,None,None
22A-PM-1017-01,21,160,17,-73.96942888062,40.78429522653,1,False,False,True,False,False,None,None
33I-PM-1006-07,21,652,22,-73.9546042927,40.7898133735,7,True,False,False,False,False,None,None
36E-AM-1013-03,33,424,7,-73.95734697875,40.79440445926,3,False,False,False,False,True,None,indifferent (moving very fast)
32F-AM-1012-01,38,395,13,-73.95878797,40.79081351586,1,False,False,False,False,True,made a back-door escape from dog off-leash,None
28D-AM-1012-02,12,792,13,-73.96309908232,40.7885764284,2,False,False,False,True,True,None,None
10G-AM-1006-01,21,289,18,-73.96998435706,40.77294804403,1,False,False,True,False,False,None,None
39G-PM-1013-07,15,397,15,-73.95343062917,40.79590520738,7,False,False,False,False,True,None,None
21E-PM-1012-02,29,30,4,-73.96523572797,40.78192968871,2,False,False,False,True,False,None,None
17E-PM-1018-03,21,161,6,-73.96783299254,40.77836699134,3,True,False,False,False,False,None,None
14D-AM-1014-03,1,17,8,-73.97089692463,40.77676955075,3,False,False,False,True,True,None,None
39F-PM-1006-03,33,31,22,-73.95448101115,40.79544696789,3,False,False,False,True,False,None,ran up tree when approached
10F-PM-1019-11,15,425,12,-73.9705123625,40.77317237579,11,False,False,False,False,True,None,None
27A-PM-1006-01,10,290,22,-73.96675600497,40.78823338307,1,False,False,False,True,True,walking up & down branches,None
18D-AM-1018-02,21,162,16,-73.96873952288,40.78073644814,2,False,False,False,False,True,None,None
6A-AM-1006-03,1,524,18,-73.97823514359,40.77158966723,3,False,True,False,True,False,None,None
4E-PM-1008-04,21,522,19,-73.97574132156,40.7692582759,4,True,True,True,False,False,None,None
27I-PM-1020-05,15,793,11,-73.95831019277,40.7852649316,5,True,False,False,False,False,None,runs from (us)
10A-PM-1014-04,15,913,14,-73.97655955532,40.77484553404,4,True,False,False,False,False,None,None
14I-PM-1018-05,15,794,6,-73.9655095764,40.77524567633,5,False,False,True,True,False,None,None
1H-AM-1012-01,1,426,13,-73.97449608298,40.7652585502,1,False,False,False,False,True,None,first approaches then runs from - he was less than 1 yd. away from me.
8H-PM-1014-05,3,128,14,-73.97031617459,40.77026104613,5,False,False,True,False,False,None,None
30E-AM-1008-01,33,32,21,-73.96059666362,40.78898491086,1,False,False,False,False,True,None,scurried into bushes when jogger ran by
16A-PM-1019-04,15,914,12,-73.97302245616,40.77968333539,4,False,False,False,False,True,None,None
8B-PM-1012-06,1,915,4,-73.97594321516,40.77332406126,6,False,False,False,True,True,None,None
8F-PM-1012-03,15,916,4,-73.97244522963,40.77157921135,3,False,False,False,False,True,buried an acorn,None
11E-AM-1013-02,35,427,7,-73.97129715683,40.77455207171,2,False,False,False,True,True,None,None
22I-AM-1007-03,21,33,10,-73.96116961448,40.78166928952,3,False,False,True,False,False,None,None
37G-PM-1007-09,22,163,3,-73.95429901506,40.79409153007,9,False,False,False,False,True,None,None
15F-AM-1007-04,22,889,10,-73.96896570399,40.77678342768,4,False,False,False,True,True,None,None
13E-AM-1017-08,15,7,20,-73.97074710995,40.77592551317,8,False,False,False,False,True,None,None
14D-AM-1014-10,1,17,8,-73.97133305944,40.77719242142,10,False,False,False,False,True,None,None
7H-AM-1006-06,15,884,18,-73.97054098833,40.76981030671,6,False,True,False,False,False,None,None
1H-PM-1013-01,21,426,15,-73.97400077595,40.76500770865,1,False,False,False,True,True,None,None
41C-PM-1007-04,33,653,3,-73.95667510223,40.79903578974,4,False,False,True,False,False,None,None
29B-PM-1010-05,1,795,9,-73.96396351347,40.79003375987,5,False,False,False,True,True,None,None
6D-PM-1020-03,3,34,11,-73.97610364001,40.77054826846,3,False,True,False,False,False,None,None
15B-PM-1017-05,33,35,17,-73.97248017842,40.77901319667,5,False,False,False,True,True,None,None
18I-AM-1017-03,27,917,20,-73.96356587864,40.77772917779,3,False,False,False,False,True,None,None
12D-PM-1014-02,33,796,14,-73.97164047813,40.77531818518,2,False,False,True,False,False,seems to be grinding teeth on a piece of material (sounds from grinding),None
26A-PM-1006-05,21,428,22,-73.96720546102,40.78765199235,5,False,True,False,False,False,None,None
32C-PM-1013-03,21,147,15,-73.96148244373,40.79129297999,3,False,True,False,False,False,None,None
35E-PM-1006-02,1,409,22,-73.95714079916,40.79319173964,2,False,False,False,False,True,None,begging for food
14D-PM-1019-12,21,918,12,-73.97071972745,40.77739568034,12,False,False,False,False,False,None,None
32B-AM-1017-04,15,797,20,-73.9623696148,40.79218486138,4,False,False,True,False,False,None,None
38C-AM-1019-01,39,762,1,-73.95760350724,40.79661208248,1,True,False,False,False,False,None,runs from (lawnmower)
15G-PM-1019-11,21,404,12,-73.96735485271,40.77656690584,11,False,False,True,False,False,None,stared
11F-PM-1006-02,21,291,22,-73.97048628643,40.77395831117,2,False,False,False,False,True,None,None
10G-PM-1017-02,15,9,17,-73.97031567192,40.77209053955,2,False,False,False,True,False,None,None
34D-PM-1007-02,12,654,3,-73.95963989972,40.79333869538,2,True,False,True,False,False,None,cautiously aware
37G-AM-1014-05,21,526,8,-73.95489578621,40.79448444646,5,False,False,False,False,True,None,None
30B-AM-1007-02,21,292,10,-73.96408010419,40.79078986273,2,True,False,False,False,False,None,None
7A-AM-1006-02,15,772,18,-73.9781303869,40.77250003489,2,False,False,True,False,False,None,None
20D-AM-1007-01,21,164,10,-73.96721272833,40.78106668051,1,True,False,True,True,False,a lot of activity,None
32I-AM-1013-02,10,293,7,-73.95568179584,40.78885200062,2,False,False,True,False,False,None,watching me from tree - curious
8C-PM-1013-04,13,20,15,-73.975200013,40.77329181222,4,True,False,False,False,False,None,None
13E-PM-1008-10,22,7,19,-73.96988170792,40.77583226277,10,False,False,False,True,True,None,None
5E-AM-1008-09,9,919,21,-73.97570019448,40.76949979055,9,True,False,False,False,False,None,None
39B-PM-1014-06,15,644,14,-73.95848354168,40.79782133969,6,False,False,True,False,False,None,None
32D-PM-1006-07,29,508,22,-73.96068170535,40.79173204504,7,False,False,False,True,False,None,None
21F-AM-1018-01,21,798,16,-73.96495901199,40.78221079208,1,False,False,True,False,False,None,None
33D-PM-1006-03,30,165,22,-73.9597094147,40.7919745086,3,True,False,False,True,False,None,ran up tree
8E-PM-1008-01,33,166,19,-73.97359468355,40.77241557513,1,False,False,False,True,False,None,eating food being thrown at it by a mom & baby
33E-PM-1012-01,33,527,4,-73.95883588797,40.79126319131,1,False,False,False,True,True,None,None
22C-AM-1013-02,9,27,7,-73.96804507274,40.78366267172,2,False,False,True,False,True,None,None
3B-PM-1007-01,33,771,3,-73.9793162759,40.76921347276,1,False,False,False,False,False,chased by dog,None
40E-AM-1014-01,33,637,8,-73.9550351381,40.79746815222,1,True,False,False,False,False,None,None
31G-PM-1007-01,21,294,3,-73.95783165255,40.78901029596,1,False,False,False,False,False,hiding,"froze,sight of dogs"
33E-AM-1014-03,12,799,8,-73.9592537497,40.79192718213,3,False,False,True,False,False,None,None
8E-PM-1008-08,33,528,19,-73.97339662823,40.77171796271,8,False,False,False,False,True,None,None
14D-PM-1019-11,21,918,12,-73.97072018766,40.77745648,11,False,False,False,False,False,None,None
2C-AM-1010-03,37,800,2,-73.97908754804,40.76761047807,3,False,False,True,False,False,None,None
1B-AM-1012-12,9,167,13,-73.9802376131,40.76807075166,12,True,False,False,False,False,None,None
38C-PM-1014-06,15,762,14,-73.95772126297,40.79655252967,6,False,False,False,True,True,None,None
4I-PM-1007-03,1,801,3,-73.97198882418,40.76676816854,3,False,False,False,False,False,being chased,None
40C-PM-1006-03,21,295,22,-73.95656863004,40.797592846,3,True,False,False,False,False,None,None
13H-PM-1010-03,21,296,9,-73.96692066057,40.77481557011,3,False,False,False,True,False,None,None
10H-AM-1014-05,26,655,8,-73.96904169619,40.7716618671,5,False,False,False,False,True,None,None
30D-AM-1017-02,21,297,20,-73.9613643418,40.78924319342,2,False,False,False,False,True,None,None
12G-PM-1007-06,38,298,3,-73.96867378669,40.77397140237,6,False,False,False,False,True,None,None
9B-PM-1013-10,24,168,15,-73.97634332024,40.77384734907,10,False,False,False,True,False,None,None
36C-PM-1013-06,21,169,15,-73.95905022577,40.79429036369,6,True,False,False,False,True,carrying food in mouth,None
22D-PM-1012-01,31,529,4,-73.96586210099,40.78259268969,1,False,False,True,False,False,None,climbing tree
11I-PM-1012-03,21,802,4,-73.96819173661,40.77232988138,3,True,False,True,False,True,None,runs from the dog
38A-PM-1013-01,15,429,15,-73.95974706599,40.79732159354,1,True,False,False,False,True,None,None
14F-PM-1012-01,15,505,4,-73.96807745485,40.77624919037,1,True,False,False,True,True,None,None
1D-AM-1006-09,22,299,18,-73.97866031471,40.7671937837,9,True,False,False,False,True,None,None
8B-AM-1007-09,21,649,10,-73.97663549672,40.77345751663,9,True,False,False,True,False,"shelling and eating a nut then a dog chased it up a tree & squirrel carried its nut up the tree,settled in a branch & resumed eating",None
3B-PM-1007-07,33,11,3,-73.97876584352,40.76894197654,7,False,False,False,True,False,eating loudly <- peanuts w/ shells,None
22G-PM-1018-03,10,430,6,-73.96337601736,40.78184223576,3,True,False,False,False,False,chilling,observed
40G-PM-1013-02,21,36,15,-73.95308096505,40.79591763177,2,True,False,False,True,False,hiding from dog,runs from (dog)
27I-PM-1020-01,33,431,11,-73.95840249364,40.78514917019,1,False,False,False,False,True,None,runs from (us)
22C-PM-1006-09,21,148,22,-73.96693664011,40.7836023898,9,True,False,False,False,False,None,None
1C-PM-1013-05,34,656,15,-73.9785675798,40.76729924053,5,False,False,False,False,True,None,None
8H-PM-1014-03,15,650,14,-73.96989341826,40.77082116339,3,True,False,False,False,True,None,None
13C-AM-1010-03,21,283,2,-73.97218998386,40.77615190457,3,False,False,True,False,False,None,None
41B-PM-1014-05,21,5,14,-73.95701318904,40.79917867361,5,False,False,True,False,False,None,None
7I-PM-1013-05,15,37,15,-73.97027885784,40.76944849973,5,False,False,False,True,False,None,None
31A-AM-1010-01,21,136,2,-73.96398880923,40.79144939591,1,False,False,False,True,False,None,None
35E-PM-1006-03,15,409,22,-73.95736048804,40.7930844158,3,False,False,False,True,True,None,None
1D-AM-1006-02,10,299,18,-73.97773287099,40.76690877247,2,True,False,False,False,False,None,None
14H-PM-1012-01,29,38,4,-73.96718516112,40.77508786576,1,True,False,False,True,False,None,approaches (came very close to me)
14H-AM-1007-04,39,38,10,-73.96646300678,40.77563615158,4,False,True,False,False,False,None,None
8I-PM-1013-01,1,432,15,-73.96946304091,40.76973765965,1,False,False,False,False,True,None,None
9B-PM-1013-02,24,417,15,-73.97567542977,40.77385188434,2,False,False,False,False,True,None,None
8B-PM-1012-08,22,649,4,-73.97565570864,40.77329628982,8,False,False,False,False,True,None,None
9G-AM-1007-02,21,776,10,-73.97044852319,40.77172905608,2,False,False,True,False,False,None,kids were trying to poke it with a stick
13B-PM-1008-01,33,300,19,-73.97419443671,40.77698899536,1,True,False,False,False,False,None,None
31F-PM-1007-04,21,280,3,-73.95893677092,40.78964653035,4,False,False,False,False,True,None,None
21G-AM-1014-02,33,657,8,-73.96362827608,40.78079945952,2,False,False,True,False,False,None,None
10G-PM-1017-08,4,289,17,-73.97101168014,40.7723689302,8,False,False,True,False,False,None,None
10B-PM-1014-01,33,39,14,-73.97574360194,40.77460643632,1,False,False,False,False,True,None,stay on ground but went to other side of tree to hide from a dog
9B-PM-1013-03,24,417,15,-73.97577871359,40.77372314273,3,False,False,False,False,True,None,None
34H-AM-1007-01,15,170,10,-73.95584747012,40.79133355155,1,False,False,False,False,False,None,None
13H-PM-1010-07,21,784,9,-73.96766397405,40.77453696165,7,True,False,False,False,False,None,None
7H-AM-1006-11,15,530,18,-73.97029630569,40.76979287308,11,False,False,False,False,True,None,None
8E-PM-1008-05,33,803,19,-73.9734695768,40.77162974914,5,False,False,False,True,True,None,None
4A-PM-1007-03,33,301,3,-73.9793952066,40.77078376579,3,False,False,False,True,True,None,None
42F-PM-1017-02,15,920,17,-73.95257475169,40.79772574353,2,True,False,False,False,False,playing,None
33E-AM-1014-05,33,527,8,-73.95897702067,40.79124054217,5,False,False,False,False,True,None,None
22F-AM-1007-05,33,658,10,-73.9642717436,40.78208704969,5,False,False,True,False,False,None,None
5F-AM-1007-04,15,40,10,-73.97429734204,40.76918016443,4,False,False,False,True,True,None,None
41I-AM-1018-02,3,302,16,-73.95024662891,40.79592287799,2,True,False,False,False,True,None,runs off
13D-PM-1018-08,1,139,6,-73.97208872755,40.7760799538,8,False,False,False,False,True,None,None
18I-PM-1007-09,15,921,3,-73.96414623605,40.77783160055,9,False,False,True,False,False,canoodling w/ 8,None
9F-PM-1014-04,15,631,14,-73.97140573272,40.77203751353,4,False,False,False,False,True,None,None
12H-PM-1007-04,38,171,3,-73.96787743147,40.77385351713,4,False,False,False,True,False,mushroom,None
8F-PM-1012-05,15,916,4,-73.97259060165,40.77138897297,5,True,False,False,False,False,None,None
13E-PM-1008-06,33,7,19,-73.97069293413,40.77604738724,6,False,False,False,False,True,None,None
10G-AM-1006-10,21,9,18,-73.9701335163,40.77220510114,10,False,True,False,False,False,None,None
21F-AM-1018-02,15,804,16,-73.96442931958,40.78138291721,2,False,False,False,True,False,None,None
9C-AM-1006-02,21,531,18,-73.97531406404,40.77340378051,2,True,False,False,False,False,None,None
36B-AM-1013-03,43,41,7,-73.96030033003,40.79534758719,3,True,False,False,False,False,None,None
31E-PM-1006-02,15,172,22,-73.95951403487,40.78991178642,2,False,False,False,True,True,None,None
9C-AM-1006-03,34,531,18,-73.97527931957,40.77339601289,3,True,False,False,False,False,None,None
33I-PM-1006-05,21,652,22,-73.95478780253,40.78991518735,5,False,False,False,True,True,None,None
19F-PM-1017-01,15,659,17,-73.96584828383,40.77972430331,1,False,False,True,False,False,None,None
6F-PM-1008-06,2,173,19,-73.9735750353,40.76945003338,6,False,False,False,False,False,None,None
29D-AM-1014-04,3,42,8,-73.96245469176,40.78882349598,4,False,False,False,False,True,None,None
42D-PM-1013-03,15,303,15,-73.9549135207,40.79852589723,3,False,False,False,True,False,None,None
19G-PM-1017-03,34,532,17,-73.96481954332,40.77963999559,3,False,False,True,True,False,staring,None
13I-PM-1008-01,15,304,19,-73.96617859405,40.77425699362,1,True,False,True,False,False,None,None
32E-PM-1017-10,21,519,17,-73.95921030643,40.79043906916,10,False,False,False,True,True,None,None
27A-AM-1008-02,22,922,21,-73.96644503991,40.78878449047,2,True,False,False,False,False,None,None
24A-AM-1014-01,33,433,8,-73.96830410993,40.78626523001,1,True,False,False,False,False,None,freezes
14E-AM-1008-20,21,264,21,-73.97030871607,40.77639856673,20,False,False,False,False,True,walking,None
37D-AM-1018-01,39,137,16,-73.95797241199,40.79487099,1,False,False,False,False,True,None,None
1D-PM-1007-06,33,299,3,-73.97806596796,40.76723822828,6,False,False,False,False,True,None,None
13D-PM-1018-02,33,139,6,-73.97172013788,40.77612028088,2,True,False,False,False,False,None,None
36D-AM-1007-01,9,174,10,-73.95812430217,40.79443147339,1,False,False,True,False,True,None,avoiding a dog
10G-AM-1006-05,21,9,18,-73.97072153949,40.77275081491,5,False,True,False,False,False,chasing (#6),None
7H-AM-1006-15,15,530,18,-73.97027212447,40.77010117742,15,False,False,False,False,True,None,None
42B-AM-1014-02,12,434,8,-73.95701300172,40.79960274286,2,False,False,False,False,True,digging,None
39G-PM-1013-05,15,397,15,-73.95406523047,40.79552261782,5,False,True,False,False,True,None,None
12F-PM-1007-05,33,12,3,-73.96978555731,40.77421863919,5,False,False,False,True,True,None,None
8I-AM-1006-08,15,533,18,-73.96909681608,40.76992326944,8,False,False,False,False,False,None,not backing down
12F-AM-1020-06,22,12,5,-73.97014812003,40.7751110354,6,True,False,False,False,False,None,None
42D-PM-1013-01,15,43,15,-73.95448281419,40.7987031768,1,False,False,False,False,True,watching passers-by,None
38D-PM-1006-01,15,907,22,-73.95694033658,40.79565996088,1,True,False,False,False,False,None,didn't see me or others
30B-AM-1007-03,21,292,10,-73.96412932837,40.7907654006,3,True,False,False,False,False,None,None
11E-AM-1013-04,12,427,7,-73.97143033157,40.77459349477,4,False,False,False,False,True,burying,None
16A-PM-1019-07,23,914,12,-73.97217978246,40.78012138436,7,False,False,False,False,True,None,approaches (very friendly)
4B-AM-1010-03,39,175,2,-73.97899520296,40.76977583331,3,False,False,True,False,False,None,None
14H-AM-1007-02,10,38,10,-73.96665265548,40.77561117184,2,False,False,False,False,False,sitting,None
11I-AM-1012-02,22,802,13,-73.96774231547,40.77288133502,2,False,False,False,False,True,None,None
7H-AM-1006-04,15,530,18,-73.9712133857,40.76987209434,4,False,False,False,False,True,None,None
23C-PM-1014-02,21,534,14,-73.96665210943,40.78427535176,2,True,False,False,False,True,None,None
36A-AM-1018-01,39,176,16,-73.96157511486,40.79545512381,1,False,False,False,True,False,eating (red berries),None
2D-AM-1007-06,1,646,10,-73.97780296909,40.76763210607,6,False,False,False,True,True,None,None
6A-PM-1012-04,22,805,4,-73.9784264725,40.77190410184,4,True,False,False,False,True,None,None
22A-AM-1008-03,21,160,21,-73.96884708313,40.78446519464,3,False,False,False,False,True,None,None
8H-PM-1014-06,21,650,14,-73.97030108562,40.77019835755,6,False,False,False,False,True,None,None
3D-AM-1006-04,9,901,18,-73.97768547979,40.76831022957,4,True,False,False,False,False,None,runs from (boy on bike)
40A-PM-1014-06,1,806,14,-73.95883757451,40.79850039878,6,True,False,False,False,False,None,None
1B-PM-1019-06,13,167,12,-73.98010073275,40.76774556339,6,False,False,False,True,False,None,None
41E-AM-1007-06,21,305,10,-73.95484307416,40.79820735094,6,False,False,True,False,True,None,None
36B-AM-1013-04,30,807,7,-73.9602166877,40.7953811004,4,False,True,False,False,False,None,None
18F-AM-1014-01,33,660,8,-73.96694329296,40.7791365183,1,False,False,False,True,False,None,None
16H-PM-1014-04,15,177,14,-73.9657288055,40.77645800363,4,True,False,False,False,False,None,None
40C-PM-1006-05,21,295,22,-73.9568305513,40.79740866313,5,False,False,False,False,False,None,None
13D-AM-1014-06,15,139,8,-73.97087984961,40.77615320885,6,True,False,False,True,False,None,None
18D-PM-1017-01,21,162,17,-73.9683312453,40.78016616857,1,False,False,False,False,True,None,None
33D-PM-1006-02,38,165,22,-73.95983407836,40.79158570303,2,False,True,False,False,False,None,None
37H-PM-1006-02,15,306,22,-73.95334760207,40.79330035447,2,True,False,True,False,True,None,dogs
12H-PM-1007-02,15,535,3,-73.96773873367,40.7742695912,2,False,False,True,True,False,peanuts,None
21F-AM-1018-05,9,798,16,-73.96496110897,40.78143718348,5,False,False,True,False,False,None,None
9D-AM-1008-01,21,178,21,-73.97448355631,40.77295214332,1,False,False,False,False,True,None,None
1G-AM-1006-02,39,285,18,-73.97469187621,40.76552318837,2,False,False,True,False,True,None,None
12E-PM-1018-04,34,661,6,-73.97142895924,40.77506707021,4,False,False,True,False,False,None,None
18I-AM-1017-02,35,921,20,-73.96385907684,40.7776782115,2,False,False,True,False,False,None,None
15I-AM-1008-04,21,6,21,-73.96531426369,40.77600151293,4,False,False,True,True,False,None,None
35D-AM-1019-01,14,662,1,-73.95860981702,40.79396537339,1,False,False,False,False,False,None,None
32B-AM-1017-02,15,416,20,-73.96310068981,40.79202551895,2,True,False,False,False,True,None,None
3D-PM-1010-12,22,901,9,-73.97683571739,40.76838133583,12,True,True,False,False,True,None,None
35C-PM-1013-02,38,129,15,-73.96014864832,40.79437241086,2,False,False,False,False,True,None,approaches (when i crouched down)
37B-PM-1013-05,15,28,15,-73.95974183667,40.7964417085,5,False,False,False,True,True,None,None
41D-PM-1014-03,33,269,14,-73.95495986882,40.79854049656,3,True,False,False,False,False,None,None
16E-AM-1014-09,21,663,8,-73.96878474107,40.77818570031,9,False,False,True,False,False,None,None
18G-PM-1013-02,21,142,15,-73.96590102384,40.77916836662,2,False,False,False,True,True,None,None
7D-PM-1010-01,33,923,9,-73.97494466297,40.77206596961,1,True,False,False,False,False,None,None
8G-PM-1017-01,1,536,17,-73.97132287667,40.77141450864,1,False,False,False,False,True,None,None
4C-PM-1010-06,15,924,9,-73.97738211356,40.76904534944,6,False,False,False,True,False,None,None
1C-PM-1013-06,1,656,15,-73.97931033409,40.7678201536,6,False,False,False,False,True,None,None
14E-AM-1008-19,21,264,21,-73.97017314292,40.77623499241,19,False,False,False,True,False,None,None
40G-AM-1007-02,24,179,10,-73.95252616439,40.79637592405,2,True,False,True,False,False,None,None
2B-AM-1010-07,21,620,2,-73.97963837152,40.76824777382,7,False,False,False,False,True,None,None
22G-AM-1018-05,15,430,16,-73.96326460496,40.78174012921,5,False,False,False,False,True,None,None
23E-PM-1006-01,15,307,22,-73.96472842066,40.78396118409,1,True,False,False,False,False,None,None
22G-AM-1018-02,21,430,16,-73.96352907512,40.78209366282,2,True,False,True,False,False,None,None
16D-PM-1010-03,21,925,9,-73.96963607565,40.77865456591,3,False,False,True,True,False,None,None
14D-AM-1014-16,1,17,8,-73.97091043803,40.77690969576,16,False,False,True,False,False,None,None
11H-AM-1010-05,33,926,2,-73.96854290608,40.77247869616,5,False,True,False,False,False,None,None
19F-PM-1017-04,15,659,17,-73.96525847498,40.78030111244,4,False,True,True,False,False,None,None
30A-AM-1010-01,9,435,2,-73.9650499507,40.79081917822,1,True,False,True,False,False,None,None
2E-AM-1010-02,21,788,2,-73.97723967285,40.76686964118,2,True,False,False,True,False,None,totally indifferent
40D-PM-1013-05,15,629,15,-73.95611416623,40.79762584586,5,True,False,False,False,False,None,None
11H-AM-1010-04,11,392,2,-73.9682803241,40.77245105583,4,False,False,False,False,True,None,None
41D-AM-1014-05,35,269,8,-73.95531137711,40.79784319802,5,False,False,False,False,True,None,None
6D-PM-1020-04,43,308,11,-73.9761440628,40.77060353015,4,False,False,True,False,False,None,None
9C-PM-1006-01,1,531,22,-73.9746802194,40.77313474522,1,False,False,False,True,True,None,None
35A-AM-1014-04,1,891,8,-73.96176123887,40.79528759543,4,False,False,False,False,True,None,None
15C-PM-1017-03,12,808,17,-73.97134875916,40.77843530437,3,True,False,False,False,False,None,None
14E-AM-1008-06,21,264,21,-73.97013107533,40.77680010081,6,False,False,False,False,True,None,None
16B-AM-1014-01,15,44,8,-73.97184744809,40.77949633543,1,False,False,False,False,True,None,None
11A-PM-1013-01,9,180,15,-73.97568104536,40.7756257458,1,False,False,False,True,False,eating (osage orange),None
33I-PM-1006-09,12,652,22,-73.95474232903,40.78997026288,9,False,False,False,False,True,None,None
38E-AM-1010-07,15,181,2,-73.95596779637,40.79511240769,7,True,True,False,False,False,chasing and being chased by #6,None
39B-PM-1014-03,21,664,14,-73.95846960833,40.79801212266,3,False,False,False,True,True,None,None
36G-PM-1012-01,33,436,4,-73.95490824812,40.79335375846,1,False,False,False,False,False,crossing east drive,None
14C-PM-1006-02,21,182,22,-73.97144654933,40.77721355873,2,False,False,False,False,True,None,None
21F-PM-1018-03,15,804,6,-73.96438253816,40.78154458412,3,False,False,False,False,True,None,None
21H-AM-1017-02,9,45,20,-73.96254162009,40.78113023979,2,False,False,True,False,False,None,None
22F-AM-1007-02,15,1,10,-73.96385260621,40.78269384899,2,False,False,False,False,False,standing,None
5G-PM-1010-03,21,46,9,-73.97335194582,40.76881479604,3,False,False,False,False,True,None,None
15F-AM-1007-02,15,789,10,-73.96852273107,40.77659946659,2,True,False,True,False,False,None,None
13D-PM-1018-09,33,139,6,-73.97216700424,40.77608591384,9,True,False,False,False,True,None,None
3B-AM-1010-01,9,11,2,-73.97921538931,40.7688272493,1,False,False,False,False,True,None,None
37D-PM-1014-05,21,137,14,-73.95793352755,40.79530806737,5,False,False,False,False,True,None,None
14E-AM-1008-07,21,264,21,-73.97041661948,40.77667203466,7,False,False,False,False,True,walking,None
40B-PM-1014-01,15,622,14,-73.95730576862,40.79857341057,1,False,False,False,False,True,None,None
41A-PM-1007-03,33,927,3,-73.95819824865,40.79921945753,3,True,False,True,False,False,None,None
3I-PM-1013-05,15,912,15,-73.97246751547,40.76591318652,5,True,False,False,False,False,None,None
16D-PM-1010-06,21,149,9,-73.97003307121,40.77829139257,6,True,False,False,False,True,walking,checking me out
37E-PM-1006-08,21,770,22,-73.95700862123,40.79466797558,8,False,False,False,False,True,None,None
33C-AM-1012-02,15,437,13,-73.96154026297,40.79240823303,2,False,True,True,False,False,None,None
10F-AM-1007-01,21,626,10,-73.97083645836,40.77236915874,1,False,False,True,False,False,None,None
9B-PM-1013-04,40,168,15,-73.97569726476,40.77362416483,4,False,False,True,False,False,None,None
1C-AM-1012-01,29,656,13,-73.97994414934,40.76714999975,1,True,False,False,False,False,None,None
7H-PM-1006-03,21,23,22,-73.97090406238,40.77011638927,3,True,False,True,False,False,None,None
3F-AM-1006-09,23,665,18,-73.97452277698,40.76736182848,9,False,False,False,False,True,None,None
22D-PM-1012-05,29,928,4,-73.96595499635,40.78336596892,5,False,False,False,True,False,None,None
5C-PM-1010-10,15,502,9,-73.97636222693,40.77046712959,10,False,False,False,True,False,None,fed by woman
17E-AM-1017-06,21,161,20,-73.96746884336,40.77897283819,6,True,False,False,False,False,None,None
9G-PM-1007-05,33,636,3,-73.97063600053,40.77170740445,5,False,False,False,True,False,None,None
1D-PM-1007-03,33,299,3,-73.97833669038,40.76683000561,3,False,True,False,False,False,None,None
35A-AM-1014-06,15,891,8,-73.96220476777,40.79451263585,6,False,True,False,False,False,None,None
42I-PM-1014-03,38,309,14,-73.94972176746,40.79651700721,3,False,False,False,True,False,None,None
22C-PM-1006-05,3,148,22,-73.96713064312,40.78388701591,5,False,False,False,True,False,None,None
4B-PM-1018-01,21,24,6,-73.97867142073,40.76968708062,1,False,False,False,True,False,None,None
10B-PM-1014-03,33,512,14,-73.97509925644,40.77433918838,3,False,False,False,True,True,None,avoided people
41D-PM-1014-01,15,269,14,-73.95562181993,40.7980460204,1,False,False,False,True,False,"digging,drinking",None
25A-AM-1013-02,43,809,7,-73.96777794085,40.78674822113,2,False,True,False,False,False,chasing #3,None
35A-PM-1013-12,15,891,15,-73.96123985098,40.79500331504,12,True,False,False,False,False,None,None
3I-AM-1010-04,21,912,2,-73.97205537535,40.76644881754,4,False,False,False,False,True,None,None
16D-PM-1010-04,21,149,9,-73.97001482484,40.77877801934,4,False,False,False,True,False,None,None
2C-PM-1013-08,33,47,15,-73.97891260886,40.76850791497,8,False,False,False,False,False,None,None
7B-AM-1008-01,21,510,21,-73.97718439122,40.77236663821,1,False,False,False,True,False,None,None
22F-AM-1007-07,24,310,10,-73.96465974521,40.78276982207,7,False,False,True,False,False,None,alert & aware
6A-AM-1006-04,33,805,18,-73.97826438139,40.77170860908,4,False,True,False,False,True,None,curious
6A-PM-1012-05,22,805,4,-73.97851333014,40.77182602883,5,False,False,False,False,True,None,None
37G-PM-1007-03,15,26,3,-73.95433237869,40.79430865304,3,False,False,False,True,False,"lying on belly on branch,eating big nut",None
13D-PM-1018-13,1,139,6,-73.97122567653,40.77609428725,13,False,False,False,False,True,digging,None
33E-AM-1014-02,48,799,8,-73.95933528062,40.7918150568,2,False,False,True,False,False,None,None
14B-PM-1014-06,10,810,14,-73.97274886407,40.77819167806,6,False,False,False,False,False,watching me,skittish
7E-PM-1013-05,15,48,15,-73.97428045524,40.77071676719,5,False,False,False,True,True,None,None
9A-AM-1013-11,10,811,7,-73.97693194503,40.77438835762,11,True,True,False,False,False,None,None
11D-AM-1010-06,15,929,2,-73.97182708203,40.77483009913,6,False,False,False,True,True,None,None
18C-PM-1018-03,3,930,6,-73.96981966712,40.78029720015,3,True,True,False,False,False,None,None
36I-PM-1007-05,21,501,3,-73.95302635525,40.79209497884,5,False,False,False,False,True,None,None
1A-PM-1014-02,22,812,14,-73.98082020885,40.76829218423,2,False,True,False,False,False,None,None
42G-PM-1014-01,33,813,14,-73.95222916034,40.79769853858,1,False,False,True,False,True,None,None
9I-PM-1010-07,33,438,9,-73.96857515955,40.77094135679,7,True,False,False,False,False,None,None
12C-AM-1013-02,21,415,7,-73.97215923784,40.77603458357,2,False,True,False,False,False,None,None
37G-PM-1007-04,46,526,3,-73.95409085131,40.79420122505,4,False,False,False,False,True,None,None
35E-AM-1020-03,15,409,5,-73.95739300799,40.79345702945,3,False,False,False,False,True,None,None
8F-PM-1012-01,15,916,4,-73.97175802287,40.77157261594,1,False,False,False,True,False,None,None
5D-PM-1018-05,3,641,6,-73.97572498341,40.76970326068,5,False,False,True,False,False,None,None
34I-PM-1010-06,21,537,9,-73.95477117968,40.7908540752,6,False,False,False,False,True,None,None
33E-AM-1014-09,48,799,8,-73.95896759955,40.79131192236,9,False,True,False,False,False,None,None
16D-PM-1010-09,21,149,9,-73.96987620231,40.77820556881,9,False,True,False,False,False,None,None
14H-AM-1007-01,21,49,10,-73.96715495661,40.77513428707,1,True,False,False,False,False,jumping between branches,None
13H-PM-1010-09,21,784,9,-73.96793990974,40.774281315,9,False,False,False,False,True,None,None
29C-AM-1007-03,15,266,10,-73.96294201136,40.78913307272,3,True,False,False,False,False,None,None
12G-PM-1007-05,38,286,3,-73.96884668746,40.77379115599,5,False,False,False,False,False,None,None
18H-PM-1014-03,15,311,14,-73.96424119904,40.77796927772,3,False,False,False,False,True,None,None
15I-AM-1008-02,15,312,21,-73.96532790699,40.77587431138,2,False,False,False,True,False,None,None
42C-AM-1007-04,1,183,10,-73.95569372183,40.79909280624,4,False,False,False,False,False,walking,None
38E-PM-1014-03,43,666,14,-73.95588090646,40.79527650222,3,False,False,False,False,True,None,None
39C-AM-1017-04,21,130,20,-73.95797689614,40.79702712824,4,False,False,False,True,False,None,None
5C-PM-1010-04,15,502,9,-73.97698874739,40.77075615329,4,True,False,False,True,False,None,None
14I-PM-1018-06,27,794,6,-73.96559053009,40.7752614638,6,True,False,True,False,False,None,None
32E-PM-1017-01,21,519,17,-73.95888860838,40.79099917334,1,False,False,False,False,True,None,None
9B-PM-1013-01,10,417,15,-73.97548367967,40.77388795454,1,False,False,False,False,False,playing,None
26B-AM-1010-01,21,184,2,-73.96629396307,40.7878502338,1,True,False,False,False,False,None,None
31D-AM-1014-02,39,439,8,-73.96130519573,40.79093513935,2,False,False,False,False,True,None,None
5C-PM-1010-11,9,502,9,-73.97642353733,40.77060651399,11,False,False,True,False,True,None,None
16C-AM-1014-04,35,50,8,-73.97050538216,40.77875032202,4,False,False,False,False,True,None,None
5D-PM-1018-04,33,145,6,-73.97637911214,40.77028151225,4,False,True,False,False,False,chasing (dog chasing),None
36B-PM-1013-03,15,41,15,-73.96001657855,40.79524667618,3,True,True,False,False,False,None,None
40C-AM-1017-02,1,295,20,-73.95737241333,40.79800809111,2,False,True,False,True,False,chasing (#1),None
28I-AM-1013-01,15,440,7,-73.95801093571,40.78556544054,1,False,False,False,False,False,stood on fence,None
38F-AM-1018-04,15,769,16,-73.95488778301,40.79501574891,4,False,False,True,False,False,None,None
1F-AM-1010-01,21,185,2,-73.9767314435,40.76611998894,1,False,False,False,True,False,None,None
26A-AM-1014-01,38,538,8,-73.96732436999,40.78753929577,1,False,True,False,False,True,None,could not get close due to fences
32E-AM-1007-05,12,888,10,-73.9596375907,40.79073477084,5,False,False,True,False,False,None,None
17F-PM-1020-04,10,265,11,-73.96732355553,40.77867495968,4,False,False,False,True,False,None,None
11A-PM-1013-03,9,180,15,-73.97575361873,40.77551198107,3,False,False,False,True,True,None,None
17E-AM-1017-01,21,667,20,-73.96750474803,40.77892343972,1,False,False,False,False,True,None,None
31I-PM-1019-02,21,51,12,-73.9562765288,40.78806179639,2,False,False,False,False,True,None,None
32H-PM-1006-02,43,52,22,-73.95585895296,40.78924003949,2,False,False,True,False,False,None,None
6A-PM-1012-07,22,814,4,-73.97855365291,40.7716184505,7,False,True,False,False,True,None,None
17A-AM-1017-01,15,313,20,-73.97190362174,40.78035881224,1,True,False,True,False,True,None,None
40C-AM-1017-07,1,295,20,-73.95683822792,40.7975685471,7,False,False,False,False,True,digging,None
8A-PM-1014-01,33,668,14,-73.97673020674,40.77370921391,1,False,False,True,True,False,None,runs from (goes up a tree)
13C-PM-1019-05,15,146,12,-73.972212563,40.77613114659,5,False,False,False,True,True,None,None
4E-PM-1008-03,21,539,19,-73.97581523226,40.76923774015,3,False,True,False,False,False,chasing #4,None
41E-PM-1013-05,23,669,15,-73.95409229221,40.79798003954,5,False,False,False,True,False,None,None
3H-AM-1008-05,15,540,21,-73.97347626493,40.76637034045,5,False,False,True,False,False,None,None
41E-AM-1007-02,21,441,10,-73.95394000282,40.79800412717,2,False,False,False,False,True,None,None
40E-AM-1014-03,33,637,8,-73.95548910035,40.79687745997,3,False,False,True,False,True,None,None
2A-AM-1010-02,38,670,2,-73.98096101172,40.76838966655,2,False,False,False,True,False,None,None
3A-PM-1017-03,9,402,17,-73.98016619039,40.76979501418,3,False,False,False,False,True,None,None
30I-PM-1006-02,21,442,22,-73.9570056124,40.78787560676,2,True,False,False,False,False,None,None
17C-PM-1013-01,21,541,15,-73.97034013857,40.77952387843,1,False,False,False,False,True,None,None
9A-AM-1013-04,10,53,7,-73.97676965915,40.77419080105,4,False,False,False,True,False,None,None
9E-PM-1014-02,5,314,14,-73.97287838021,40.77316710492,2,False,False,False,False,True,None,None
41D-AM-1014-02,21,815,8,-73.95537267145,40.79875785411,2,False,False,False,False,False,jumping,None
14G-AM-1012-02,38,186,13,-73.96790088497,40.7759013923,2,False,False,True,False,False,None,None
7H-PM-1006-09,12,315,22,-73.97045758489,40.76934993261,9,False,False,False,True,True,None,None
38D-AM-1017-03,33,907,20,-73.95726869794,40.79626845733,3,False,False,False,False,True,digging,None
22F-AM-1007-03,2,1,10,-73.96382989976,40.78259663324,3,False,False,False,True,False,None,None
5I-AM-1010-01,21,671,2,-73.9700759074,40.76805608717,1,True,False,False,False,False,None,None
12C-AM-1013-01,21,415,7,-73.972185479,40.77610863524,1,False,False,False,False,True,burying,None
3E-AM-1006-02,21,623,18,-73.97664405898,40.76823902826,2,False,False,False,False,True,None,None
3H-PM-1014-07,33,54,14,-73.97251748686,40.76642482836,7,False,False,False,False,True,None,None
39D-AM-1008-03,21,316,21,-73.95636612569,40.79668231145,3,False,False,True,False,False,None,None
9I-AM-1014-09,21,443,8,-73.96870277827,40.77051626162,9,False,False,True,False,True,None,None
28D-AM-1012-04,22,187,13,-73.9624538733,40.78838298515,4,False,False,True,False,False,None,None
10G-AM-1006-07,21,9,18,-73.97069037405,40.77268737607,7,False,False,False,True,False,None,None
1B-AM-1012-10,23,167,13,-73.98020792599,40.7678723471,10,False,False,False,True,True,None,None
32D-PM-1006-04,1,55,22,-73.96023986909,40.79101576761,4,False,False,False,True,False,None,None
5I-AM-1010-02,21,671,2,-73.9709244007,40.76769426397,2,True,False,False,False,False,None,None
32F-PM-1008-05,21,395,19,-73.95887081035,40.79057940788,5,False,False,False,False,True,None,None
34E-PM-1006-01,29,672,22,-73.95841781353,40.79273012145,1,False,False,False,False,False,sitting and watching on a tree,None
2D-AM-1007-01,1,646,10,-73.97798119678,40.76751787975,1,True,False,True,False,False,None,None
3E-AM-1006-01,21,623,18,-73.9759830651,40.76830347391,1,False,False,False,False,True,None,None
5I-AM-1010-05,21,671,2,-73.97102074385,40.76821871444,5,False,False,False,True,False,None,None
3A-PM-1017-08,27,402,17,-73.97991559661,40.7698034315,8,False,False,False,True,True,None,None
4C-PM-1010-11,15,542,9,-73.97744758536,40.7697167828,11,True,False,False,True,False,None,None
40E-PM-1017-02,1,637,17,-73.95501848907,40.79712353337,2,False,False,False,True,False,None,None
38E-AM-1010-02,15,773,2,-73.95640114211,40.79580978494,2,False,False,True,False,False,None,climbs
32I-AM-1013-04,15,287,7,-73.95528808927,40.78890405033,4,False,False,False,False,True,None,None
19F-PM-1017-06,15,659,17,-73.96518283836,40.78028209439,6,True,True,True,False,False,None,None
13E-AM-1017-11,15,188,20,-73.97076836216,40.77598155661,11,True,False,False,False,False,None,None
14F-PM-1012-07,2,505,4,-73.96910573261,40.77659735097,7,True,True,False,True,True,None,None
19F-AM-1007-01,9,659,10,-73.9658181813,40.77981606376,1,False,False,False,False,True,None,bit scared
2F-PM-1014-12,21,274,14,-73.97537445393,40.7671162211,12,True,False,False,False,False,None,None
17D-AM-1008-06,14,444,21,-73.9695745672,40.77918351221,6,False,False,False,False,False,None,None
37C-PM-1013-01,1,816,15,-73.95807856006,40.79579813109,1,False,False,False,True,True,None,None
13E-PM-1008-05,33,7,19,-73.97059538146,40.77629121425,5,False,False,False,False,True,None,None
9A-PM-1010-01,36,543,9,-73.97679491411,40.77445458359,1,False,False,True,False,False,i think it climbed the tree when i first saw it.,None
18C-PM-1018-08,48,517,6,-73.96959649835,40.78023021928,8,False,False,False,False,True,None,None
26I-PM-1010-04,15,154,9,-73.9594529311,40.78404926066,4,False,False,False,True,True,None,None
21A-AM-1019-06,3,817,1,-73.96935337218,40.78382474224,6,False,False,False,False,True,None,None
16D-AM-1007-02,33,149,10,-73.96980327347,40.77823439124,2,False,False,False,False,True,None,None
13G-PM-1008-03,24,544,19,-73.96850806399,40.77453097942,3,False,False,True,False,False,None,None
15I-AM-1008-05,21,56,21,-73.96560981941,40.7757643079,5,False,False,True,False,False,None,None
7H-PM-1006-05,15,673,22,-73.9704656004,40.77011257732,5,True,False,False,True,True,None,None
32F-AM-1012-03,15,317,13,-73.95855376684,40.7903905787,3,False,False,True,False,False,bringing green leaves to nest,None
42H-AM-1019-01,22,412,1,-73.95046935442,40.797225436,1,False,False,False,True,True,None,None
8I-AM-1006-12,21,533,18,-73.96912617559,40.77029294286,12,False,False,True,False,False,None,None
40G-PM-1013-06,3,445,15,-73.95292302079,40.79606634426,6,False,False,False,True,False,None,None
21G-AM-1014-03,33,277,8,-73.96385854925,40.78089996109,3,False,False,False,False,True,None,None
38D-AM-1017-05,28,907,20,-73.95763044737,40.79598106223,5,True,False,False,True,False,eating (nut),None
2C-AM-1010-09,33,47,2,-73.97935655644,40.76792593904,9,False,False,False,True,True,None,climbed up tree as i neared
3D-PM-1010-01,15,901,9,-73.97792282876,40.76810196839,1,False,False,False,False,True,None,None
35F-PM-1012-01,47,674,4,-73.95701325709,40.79320141591,1,True,False,False,True,True,None,None
33B-AM-1010-06,21,189,2,-73.9615475038,40.79315606687,6,False,False,False,False,True,None,None
35C-AM-1007-06,36,268,10,-73.9592819492,40.79410620086,6,False,False,True,False,False,None,None
38I-PM-1014-04,21,190,14,-73.95193878817,40.79362736369,4,True,False,False,False,False,None,None
9H-PM-1018-01,33,545,6,-73.9695569897,40.77120621472,1,False,False,False,False,False,None,None
9A-PM-1010-02,36,53,9,-73.97679809251,40.77436277568,2,True,False,False,False,False,None,None
7E-AM-1006-06,15,818,18,-73.97361698867,40.77149421963,6,True,False,False,False,False,None,None
40C-AM-1017-06,15,295,20,-73.95620080977,40.79818144627,6,True,False,False,False,False,None,None
14F-AM-1007-03,1,505,10,-73.96915857562,40.7763404657,3,False,False,False,False,True,None,None
4D-PM-1008-14,2,13,19,-73.97720265727,40.7691598773,14,False,False,False,False,True,None,None
5E-AM-1008-03,15,764,21,-73.97454279841,40.76918482148,3,True,False,False,False,True,None,None
40C-PM-1006-08,21,819,22,-73.95747495718,40.79818988907,8,True,False,False,False,False,None,None
15H-PM-1008-07,15,318,19,-73.96616944635,40.77575305836,7,False,False,False,True,True,None,None
30C-AM-1014-01,15,319,8,-73.96268812347,40.79052083455,1,False,False,False,True,True,None,None
19E-PM-1018-01,15,57,6,-73.96698143463,40.78039091995,1,True,False,False,False,False,None,None
4I-PM-1007-02,12,675,3,-73.97182620345,40.76667717974,2,False,True,False,False,False,None,None
8D-AM-1007-07,15,676,10,-73.97459537103,40.77282840252,7,False,False,False,True,False,None,None
19F-PM-1017-03,9,659,17,-73.96543974848,40.77988635229,3,False,False,False,True,True,None,None
36I-AM-1017-08,21,501,20,-73.95329527631,40.79200744626,8,False,True,False,False,False,chasing (#7),runs from (me)
14F-AM-1007-06,23,505,10,-73.9689627791,40.77606200436,6,False,True,False,False,False,None,None
14A-PM-1014-06,1,446,14,-73.97330569833,40.77838233113,6,False,False,True,False,False,None,None
21G-PM-1007-04,38,768,3,-73.96345632229,40.78099283642,4,False,False,False,True,False,None,None
32D-PM-1006-03,1,55,22,-73.96029131056,40.791063581,3,False,False,False,True,False,None,None
4C-PM-1010-15,10,677,9,-73.97760445784,40.7697607308,15,False,True,False,False,False,chasing #14,None
31D-PM-1006-01,21,546,22,-73.96072808016,40.79015067062,1,False,False,False,True,True,None,None
4G-AM-1006-04,12,820,18,-73.97335458025,40.76750560254,4,False,False,False,True,False,None,None
17D-AM-1008-02,33,547,21,-73.96950413667,40.77978788095,2,False,True,False,False,False,None,None
8B-AM-1007-01,15,320,10,-73.97643975503,40.77370045571,1,False,False,True,False,False,None,None
14D-AM-1014-11,1,17,8,-73.97149211884,40.77675837187,11,False,False,False,False,True,None,None
9F-PM-1014-05,15,631,14,-73.97137993657,40.77214349412,5,False,False,False,False,True,None,None
20F-AM-1014-01,33,635,8,-73.96601100604,40.78099900986,1,False,False,False,True,True,None,None
10F-PM-1019-06,33,678,12,-73.97111769995,40.77242785473,6,False,False,True,False,False,None,None
4H-AM-1006-02,15,321,18,-73.97257125887,40.76691018329,2,False,False,True,False,False,climbing (over small wire fence then on the ground),"approaches (saw me & came forward),runs from (startled by another person)"
33B-PM-1010-10,21,189,9,-73.96205974491,40.79224658768,10,False,False,False,False,True,None,None
33F-PM-1012-06,1,758,4,-73.95834778506,40.79140736328,6,False,True,False,True,True,None,None
3B-PM-1007-10,33,11,3,-73.97902142534,40.76867911698,10,False,False,False,True,False,hopping,None
2E-PM-1014-02,33,788,14,-73.97670169634,40.76740127845,2,False,False,False,False,False,None,None
36F-AM-1017-04,39,14,20,-73.95650357056,40.79373827051,4,True,False,False,True,True,None,"approaches (me),runs from (me)"
13A-PM-1014-02,21,515,14,-73.97456876538,40.7776396927,2,False,False,False,False,False,None,None
16G-AM-1010-02,9,767,2,-73.96716405209,40.77722368338,2,False,False,False,False,True,None,None
37B-AM-1018-01,12,28,16,-73.9591407691,40.79608469031,1,True,False,False,False,False,None,None
7B-AM-1008-02,21,322,21,-73.97714226253,40.77236141578,2,False,True,False,False,False,None,None
3F-PM-1013-03,9,323,15,-73.97566038461,40.76725313194,3,False,False,False,False,True,None,None
15E-PM-1008-01,21,821,19,-73.96863045815,40.77736313371,1,True,False,False,True,True,None,None
15D-AM-1007-07,33,633,10,-73.96996720742,40.77743893457,7,False,True,False,False,True,chasing #8,None
20C-PM-1018-01,3,423,6,-73.96834799438,40.78158272983,1,True,True,False,False,False,None,None
9A-PM-1010-03,11,53,9,-73.97686176907,40.77418770607,3,False,False,False,False,False,None,froze - standing on hind legs for ~10 seconds then scampered off
4H-AM-1006-04,21,321,18,-73.97293786742,40.76724075946,4,False,False,False,False,True,met #3 while foraging and briefly tussled,None
33G-PM-1006-01,3,324,22,-73.95632030891,40.79062753577,1,False,False,True,False,False,None,None
41B-PM-1014-02,12,5,14,-73.95799418474,40.79912167133,2,False,False,True,False,False,None,None
4C-AM-1006-02,39,542,18,-73.97730791542,40.76965066889,2,True,False,False,True,True,None,None
7A-AM-1006-03,21,548,18,-73.97831852786,40.77248616755,3,True,False,True,False,False,jumping,None
12E-AM-1017-08,15,661,20,-73.97036216165,40.77503227148,8,False,False,False,True,False,chilling,None
14E-AM-1008-17,21,264,21,-73.96995111812,40.7762756593,17,False,False,False,True,True,None,None
18A-AM-1012-02,15,399,13,-73.97182341596,40.78108425037,2,False,False,True,True,True,burying,None
8C-PM-1013-07,11,20,15,-73.97506214611,40.77234171735,7,False,False,False,True,False,None,None
23B-PM-1012-02,33,822,4,-73.9679291348,40.78469730967,2,False,True,False,False,True,2/3 were chasing each other,None
6B-PM-1017-06,15,786,17,-73.97674554307,40.77178662378,6,True,True,False,False,True,None,None
13A-AM-1017-01,21,515,20,-73.97466087863,40.77760920783,1,False,False,True,False,False,None,None
23B-PM-1012-05,15,679,4,-73.96797780019,40.78476294733,5,False,True,True,False,False,None,None
21B-AM-1019-02,21,931,1,-73.96844631544,40.78348133194,2,False,False,False,False,False,None,None
20F-AM-1014-02,15,325,8,-73.96557346336,40.78053669222,2,False,False,True,False,False,pulling leaves,None
11D-AM-1010-01,1,929,2,-73.97293949284,40.77432567165,1,False,False,True,True,True,None,None
9B-AM-1010-01,15,417,2,-73.97652191628,40.77378472446,1,False,False,False,False,True,None,None
33D-AM-1017-07,12,191,20,-73.9597782762,40.79207733768,7,False,False,False,False,True,None,None
20G-AM-1018-02,21,326,16,-73.964862681,40.78045061128,2,True,False,True,False,False,None,None
33E-PM-1012-07,33,527,4,-73.95841884611,40.79132410485,7,True,True,False,False,False,None,None
31H-PM-1008-01,33,504,19,-73.95661891454,40.78834179697,1,False,False,True,False,False,None,None
26A-PM-1006-03,21,538,22,-73.96736036559,40.78769741778,3,False,False,False,False,True,None,None
31E-PM-1006-01,15,172,22,-73.95957577927,40.78992426438,1,False,False,False,False,True,None,None
14F-PM-1012-02,1,680,4,-73.96868167954,40.77577042267,2,False,False,True,True,False,None,None
17G-AM-1018-01,3,681,16,-73.96542102635,40.77825296926,1,False,False,False,False,True,None,None
17E-AM-1017-03,21,192,20,-73.96770548703,40.77899287017,3,False,False,True,False,False,None,None
10C-PM-1013-02,15,22,15,-73.974530554,40.7742043234,2,False,False,False,True,True,None,None
22C-PM-1006-06,24,447,22,-73.96754720642,40.78359471674,6,False,False,False,True,False,None,None
35G-AM-1007-01,33,58,10,-73.95551603111,40.79231881563,1,False,False,True,False,False,None,None
16C-PM-1018-01,1,2,6,-73.97105591138,40.77942799142,1,False,False,True,False,False,None,disappeared up other side of tree
25A-AM-1013-03,43,809,7,-73.96776542898,40.78678552945,3,False,False,False,False,False,being chased by #2,None
16D-PM-1010-01,21,149,9,-73.96947840566,40.77877352914,1,True,False,False,True,True,None,None
22F-PM-1014-03,10,1,14,-73.96496580993,40.78232623691,3,False,False,False,False,True,None,None
33B-PM-1010-12,21,189,9,-73.96194174327,40.79303659399,12,False,False,False,False,True,None,None
36I-AM-1017-03,15,501,20,-73.95329659524,40.79276445945,3,True,False,False,True,True,None,None
2I-PM-1006-02,1,193,22,-73.97251575344,40.76583767292,2,True,False,False,True,True,None,None
12G-AM-1012-01,9,194,13,-73.96874767031,40.77428566961,1,False,False,True,False,False,None,None
25A-PM-1007-01,9,448,3,-73.96750231387,40.7872554701,1,False,False,True,False,False,None,None
9C-PM-1006-06,1,531,22,-73.97450405175,40.77333038538,6,False,False,False,False,True,None,None
6B-PM-1017-03,15,786,17,-73.97726359111,40.77094288725,3,False,False,False,False,True,None,None
10D-AM-1008-05,39,327,21,-73.9730115688,40.77410182743,5,False,False,True,True,False,None,None
14B-PM-1014-05,21,810,14,-73.97301116505,40.77821577362,5,False,False,False,False,True,None,None
2C-PM-1013-09,36,47,15,-73.97900105651,40.76857323695,9,False,False,True,False,False,None,None
41A-PM-1007-05,1,898,3,-73.95825235033,40.79968974995,5,True,False,True,False,False,None,None
13E-AM-1017-12,15,7,20,-73.97066417707,40.77592292138,12,False,False,False,True,False,None,None
15E-AM-1013-02,15,157,7,-73.96934575445,40.77704296503,2,True,False,True,False,False,None,None
1B-AM-1012-17,1,167,13,-73.98085422863,40.76787021584,17,False,False,True,True,True,None,None
36I-PM-1007-06,2,501,3,-73.95294131565,40.79209634466,6,False,False,False,True,False,None,None
15F-AM-1007-08,22,889,10,-73.96821440393,40.77730706754,8,False,False,False,False,True,None,None
8D-AM-1007-08,21,328,10,-73.97433423035,40.77277429483,8,False,False,False,False,False,communicating from tree,None
41A-AM-1013-01,15,898,7,-73.95849421255,40.79950086361,1,True,False,False,False,False,ran across a path,None
8I-PM-1013-09,1,432,15,-73.96979837256,40.77006770222,9,False,False,False,False,True,None,None
19B-AM-1019-01,23,902,1,-73.96971966199,40.78140685076,1,True,False,False,True,False,None,indifferent then runs from
15D-PM-1017-04,34,823,17,-73.97068515462,40.7780777016,4,True,False,False,False,False,None,None
13E-AM-1017-02,21,7,20,-73.97047575555,40.77633480621,2,False,False,False,False,True,begging (came one yard away from me and stood there),None
3D-PM-1010-10,33,901,9,-73.97772590224,40.76820599079,10,False,False,False,False,True,None,None
15C-PM-1017-02,15,59,17,-73.97168818387,40.77855353709,2,False,False,True,False,False,None,None
32A-PM-1013-09,33,885,15,-73.96332506365,40.79221550827,9,False,False,False,False,True,None,None
15G-AM-1008-05,15,682,21,-73.96741811468,40.77645953601,5,False,False,False,False,True,None,None
7B-AM-1008-03,21,322,21,-73.9771695272,40.77242772763,3,False,True,False,False,False,None,None
15E-PM-1008-07,21,760,19,-73.96996751605,40.77730126428,7,False,False,False,True,False,None,None
4D-PM-1008-01,2,13,19,-73.97589597983,40.76941256717,1,False,False,False,True,False,None,None
36A-PM-1013-06,38,824,15,-73.96076084827,40.79546876482,6,False,False,False,True,False,None,None
8C-PM-1013-02,15,20,15,-73.97532837837,40.77330439106,2,False,False,False,False,True,None,None
6A-AM-1006-07,1,805,18,-73.97853005099,40.77211277484,7,False,False,False,True,True,None,None
41E-AM-1007-01,33,441,10,-73.95400224454,40.7979409855,1,False,False,False,False,True,None,None
31D-AM-1014-06,15,546,8,-73.96087574241,40.79066865047,6,False,False,False,True,False,None,None
36B-AM-1013-02,43,41,7,-73.96036201222,40.79559657559,2,True,False,False,False,False,None,didn't see me
3A-AM-1012-03,5,195,13,-73.98019021331,40.76955759507,3,False,False,True,False,False,None,None
34D-AM-1008-02,12,825,21,-73.95907766815,40.79260458233,2,False,False,False,False,True,None,None
41B-AM-1010-09,21,5,2,-73.9576559099,40.79925986265,9,False,True,False,False,False,None,None
39F-AM-1014-04,10,196,8,-73.95459505834,40.79565679343,4,False,False,False,False,True,None,None
37B-PM-1013-04,21,28,15,-73.96063446813,40.79583377806,4,True,False,False,False,False,None,None
39C-PM-1006-03,21,130,22,-73.95801051749,40.79744683227,3,False,False,False,False,True,None,None
37F-PM-1014-02,23,449,14,-73.95572635335,40.79395057914,2,False,False,False,True,True,None,None
21A-AM-1019-08,15,817,1,-73.97002473509,40.78369290445,8,False,False,False,True,True,None,None
34I-PM-1010-03,21,60,9,-73.95451010419,40.79038236168,3,True,False,False,False,True,with some nuts in the mouth,None
16C-AM-1014-02,29,50,8,-73.97118011226,40.77868889422,2,False,False,False,False,True,None,None
31E-PM-1006-03,15,172,22,-73.95956459625,40.78995993501,3,False,False,False,True,True,burying,None
36D-PM-1007-02,15,174,3,-73.95877126794,40.79445025014,2,False,False,False,False,True,None,None
23B-PM-1012-01,15,822,4,-73.96762060225,40.78459423498,1,False,False,False,False,True,None,None
12B-PM-1018-01,21,932,6,-73.9741846414,40.77625181642,1,False,False,True,False,True,climbing (up rocks),None
10G-PM-1017-01,21,9,17,-73.97039141269,40.77224579752,1,False,False,False,False,False,standing,None
14D-AM-1014-09,1,826,8,-73.97079005665,40.77716705501,9,False,False,True,False,False,None,None
3F-AM-1006-01,21,549,18,-73.97508641544,40.76719901313,1,False,False,False,False,True,None,None
35G-PM-1006-01,4,197,22,-73.95571723368,40.79211256577,1,True,False,True,False,False,None,None
9I-AM-1014-02,21,443,8,-73.96910310947,40.77066938352,2,False,False,True,False,False,None,None
35A-PM-1013-08,33,891,15,-73.96156028056,40.79456621856,8,False,False,False,False,True,None,None
39A-PM-1014-01,33,276,14,-73.95980847946,40.79761654345,1,False,True,False,False,False,None,None
9C-PM-1006-05,33,531,22,-73.97469338526,40.77331386693,5,False,False,False,True,False,None,w/ dog
17I-AM-1014-04,1,933,8,-73.96451470117,40.77725668338,4,False,False,False,True,True,None,None
14D-AM-1014-12,1,17,8,-73.97140896474,40.77679165879,12,False,False,False,True,True,None,None
17I-PM-1017-01,13,198,17,-73.96423799427,40.77747925207,1,False,False,True,False,False,None,"was in a tree,so i couldn't really tell"
41C-AM-1017-05,21,683,20,-73.95686908603,40.79888587711,5,False,False,False,False,True,None,None
39B-PM-1014-01,33,664,14,-73.95828502062,40.79789758556,1,False,False,False,True,True,None,None
42A-AM-1019-01,39,199,1,-73.95826439541,40.80004600613,1,False,False,False,False,True,None,None
2E-AM-1010-01,15,788,2,-73.97713354164,40.76684314852,1,False,False,False,False,True,None,None
14F-AM-1007-02,1,505,10,-73.96921902954,40.77633663092,2,False,False,False,False,True,None,None
8D-AM-1007-04,21,328,10,-73.97361659174,40.77245439015,4,False,True,False,False,False,chasing squirrel #3,None
22F-AM-1007-06,34,1,10,-73.9642288873,40.78204399836,6,False,False,True,True,False,None,None
36I-AM-1017-04,15,501,20,-73.95284627794,40.79238430437,4,False,False,False,False,True,None,None
34B-AM-1013-03,9,61,7,-73.96097046509,40.79387868547,3,True,False,True,False,False,hopping,None
36I-AM-1017-07,15,501,20,-73.95345096279,40.79210842247,7,False,True,False,False,True,"chasing (#8),scratching",None
32G-PM-1013-02,48,632,15,-73.95771130261,40.79043324535,2,False,False,False,False,True,None,None
2A-PM-1019-01,33,934,12,-73.980824766,40.76894088313,1,False,False,False,False,False,runs from,None
35D-PM-1013-07,39,684,15,-73.95916671628,40.79376021216,7,False,False,True,False,False,None,None
8G-PM-1017-02,21,536,17,-73.97142435474,40.77139739824,2,False,False,False,False,True,None,None
29C-AM-1007-02,37,329,10,-73.96293834203,40.78893837255,2,True,False,True,False,False,None,None
36B-PM-1013-02,33,41,15,-73.96009645859,40.79523395244,2,True,False,True,False,False,None,None
17B-AM-1010-01,15,200,2,-73.9713519158,40.7798470143,1,False,False,False,True,False,None,None
37H-PM-1006-04,14,450,22,-73.95328730049,40.79352032679,4,False,False,True,False,False,None,None
30C-AM-1014-02,15,201,8,-73.96261204174,40.79051263586,2,True,False,False,False,True,None,None
4D-PM-1008-05,2,13,19,-73.97640160307,40.76898943443,5,False,False,False,False,True,None,None
18C-PM-1018-05,1,517,6,-73.96948563902,40.78051915907,5,False,False,False,True,True,None,None
11C-PM-1018-01,33,550,6,-73.97416219469,40.7752481472,1,False,False,True,False,False,None,None
2B-PM-1013-06,21,620,15,-73.97920912001,40.76858454753,6,False,False,False,False,False,None,sat there! in front of us
9A-AM-1013-08,36,551,7,-73.97622577013,40.77440327583,8,False,False,False,False,False,None,None
7E-PM-1013-04,15,818,15,-73.97384817717,40.77065406989,4,True,False,False,True,True,None,None
33A-PM-1018-03,21,451,6,-73.96294833745,40.79368099053,3,True,False,True,False,False,None,None
7G-PM-1018-04,1,900,6,-73.97187204037,40.77023350563,4,False,False,False,False,True,None,None
39B-PM-1014-02,10,664,14,-73.95837387833,40.79793027755,2,False,False,False,False,True,None,None
34H-PM-1006-01,12,827,22,-73.95515244224,40.79105355968,1,False,False,False,False,True,None,None
7B-AM-1008-04,21,510,21,-73.9770948563,40.77240634592,4,False,True,False,False,False,None,None
36C-PM-1013-01,21,685,15,-73.9591957794,40.79495688735,1,False,True,False,True,True,None,None
14E-PM-1017-04,15,264,17,-73.97008618591,40.77706393406,4,False,False,False,True,True,None,None
2E-AM-1010-03,34,828,2,-73.9768311751,40.76671780726,3,False,False,True,False,False,None,None
26A-PM-1006-02,3,538,22,-73.96727895735,40.78747787203,2,False,False,False,False,False,not moving,None
9F-PM-1014-03,15,631,14,-73.9710547484,40.77235898271,3,False,False,False,False,True,None,None
2F-PM-1014-03,15,274,14,-73.97572154159,40.7668205977,3,False,False,False,True,False,None,None
8E-PM-1008-07,33,803,19,-73.97351208821,40.77159154152,7,False,True,True,False,False,None,None
36F-PM-1012-02,10,14,4,-73.9565684578,40.79360039404,2,False,False,False,False,True,None,None
8D-PM-1007-01,15,676,3,-73.97378723356,40.7726586836,1,False,False,False,False,True,None,None
4B-PM-1018-02,21,24,6,-73.9786805885,40.76975592319,2,False,False,False,True,False,None,None
40D-PM-1013-02,15,629,15,-73.95655337835,40.79743684913,2,True,False,False,False,False,None,None
16E-PM-1018-01,10,514,6,-73.96789372898,40.77828083616,1,True,False,False,False,False,None,None
2F-PM-1014-08,35,274,14,-73.9750463845,40.76668717428,8,True,False,False,False,False,None,None
14E-AM-1008-04,21,264,21,-73.96965178266,40.77696583028,4,False,False,False,False,True,None,None
32A-PM-1013-05,39,885,15,-73.9635028497,40.79282075749,5,False,False,False,False,True,None,None
15G-PM-1019-03,3,682,12,-73.96741775046,40.7769569732,3,True,False,False,False,False,None,None
11I-PM-1012-04,21,452,4,-73.96810426129,40.77233143187,4,True,False,True,False,True,None,None
15H-PM-1008-02,21,935,19,-73.96677556785,40.77602568361,2,False,True,True,False,False,None,None
31D-AM-1014-03,11,439,8,-73.9613351649,40.79098668514,3,False,False,False,False,True,None,None
22I-AM-1007-02,21,936,10,-73.96113683902,40.78156190534,2,True,False,False,False,True,None,None
2B-AM-1010-03,34,620,2,-73.97993111733,40.76855769976,3,False,False,False,False,True,None,None
17F-AM-1007-02,9,265,10,-73.96751982309,40.77863109469,2,False,False,True,False,False,None,None
6A-AM-1006-08,33,805,18,-73.97868986563,40.77208330971,8,True,False,False,True,True,None,None
6D-AM-1008-02,3,308,21,-73.97550559788,40.77074386817,2,False,False,False,False,False,None,None
6F-PM-1008-04,22,153,19,-73.97346875381,40.76943089592,4,False,False,False,False,True,None,None
37G-AM-1014-03,21,526,8,-73.95428280533,40.79417973204,3,True,False,False,False,False,None,None
2C-AM-1010-08,15,62,2,-73.97927540373,40.76796907004,8,False,False,True,False,False,None,None
31B-AM-1017-03,21,330,20,-73.96265279088,40.79124723802,3,False,False,False,True,False,None,None
12F-PM-1007-12,1,829,3,-73.97022281317,40.7742131588,12,False,False,False,False,True,going down tree,None
20B-PM-1013-08,33,394,15,-73.969105907,40.78204749092,8,True,False,False,False,False,being chased by dog,None
7G-AM-1010-04,21,900,2,-73.97199415774,40.77037129313,4,True,False,False,False,True,None,None
36I-PM-1007-04,21,501,3,-73.95310133596,40.79212235565,4,False,True,False,False,True,None,None
11A-PM-1013-05,9,180,15,-73.97572161243,40.77543102396,5,True,False,False,False,True,digging,None
27A-AM-1008-01,21,830,21,-73.9664120826,40.78880227097,1,False,True,False,False,False,None,None
32F-AM-1012-06,33,395,13,-73.95806099213,40.79071588787,6,True,False,False,False,False,None,None
26I-PM-1010-05,1,831,9,-73.95941205737,40.78419457506,5,False,False,True,False,True,None,None
21D-PM-1008-05,15,630,19,-73.96657054562,40.7823552871,5,False,False,False,False,True,None,None
8H-AM-1017-01,15,650,20,-73.96972779983,40.7705198722,1,False,True,False,True,True,None,None
36D-PM-1007-01,21,174,3,-73.95802471187,40.79387242786,1,False,False,False,True,True,None,None
42G-AM-1018-01,15,271,16,-73.95141113291,40.79750858729,1,False,False,False,False,True,None,None
12H-PM-1007-08,14,535,3,-73.96808337298,40.77418710251,8,False,False,False,False,False,None,None
3E-AM-1006-04,3,623,18,-73.97608017423,40.76742189547,4,False,False,False,False,True,None,None
9A-AM-1013-02,15,53,7,-73.977023509,40.77413520807,2,False,False,False,False,True,None,None
38E-AM-1010-04,15,773,2,-73.95618876245,40.79581874558,4,True,False,True,False,False,None,me
11H-AM-1010-01,33,331,2,-73.96765140567,40.77308537329,1,False,False,True,False,False,None,started climbing down to me
11H-PM-1013-01,1,926,15,-73.96810931,40.77317539154,1,False,False,False,False,False,nut in mouth,None
30B-AM-1007-09,21,292,10,-73.96372797119,40.79051985023,9,False,False,True,False,False,jumping b/w trees,None
41B-PM-1014-04,15,5,14,-73.95712336402,40.79924589803,4,False,False,True,False,False,None,climbing
9H-AM-1006-05,33,545,18,-73.96989590718,40.77167637993,5,False,False,False,True,True,None,None
10F-PM-1019-10,15,832,12,-73.97080024614,40.77266852848,10,True,False,False,True,True,None,None
32G-AM-1010-02,21,937,2,-73.95789248826,40.78980629782,2,False,False,True,True,False,None,None
35D-PM-1013-08,33,513,15,-73.95916955459,40.79381163608,8,False,False,False,False,True,None,None
4D-PM-1008-03,2,13,19,-73.97631164259,40.76888395765,3,False,False,False,True,False,None,ran two feet up tree trunk
25I-PM-1007-07,21,833,3,-73.95960069387,40.78347064405,7,False,False,False,False,False,None,None
37A-PM-1013-01,33,202,15,-73.96098856868,40.79611086403,1,False,False,False,False,True,None,None
17F-AM-1007-05,24,686,10,-73.9670429586,40.77843707194,5,True,False,False,True,False,None,None
10D-AM-1008-01,33,687,21,-73.97386112577,40.77372467796,1,False,False,False,False,True,None,None
32B-AM-1017-01,15,332,20,-73.96220300858,40.79177232287,1,True,False,False,False,True,None,None
6A-PM-1012-01,22,805,4,-73.97859484139,40.77189080268,1,False,False,True,False,True,None,None
13C-PM-1019-04,21,146,12,-73.97185971568,40.77658587633,4,True,False,False,False,False,None,None
33B-PM-1010-01,21,189,9,-73.96162045695,40.79261886055,1,False,False,False,False,True,None,None
1E-PM-1007-02,21,333,3,-73.9772053787,40.76639065733,2,False,False,False,False,True,None,None
22C-PM-1006-10,21,27,22,-73.9666195119,40.78392167394,10,False,False,True,False,False,None,None
24A-PM-1007-02,21,433,3,-73.96847582451,40.7858531619,2,True,False,False,False,False,None,None
9G-PM-1007-03,9,636,3,-73.97063234588,40.77131960343,3,True,False,True,False,False,None,None
9H-PM-1018-02,1,545,6,-73.96994511964,40.77104099827,2,False,False,False,False,True,None,None
4D-PM-1008-02,2,13,19,-73.97614477915,40.7690147874,2,False,False,False,True,False,None,None
14E-PM-1017-05,33,264,17,-73.97008790966,40.77658997248,5,False,False,False,True,False,None,None
13D-AM-1014-10,15,139,8,-73.97179203223,40.77630953937,10,False,False,False,False,True,None,None
14E-AM-1008-08,21,264,21,-73.97025889814,40.77661075429,8,True,True,False,False,True,None,None
40G-AM-1007-01,15,334,10,-73.9533923918,40.79617018748,1,False,False,True,True,False,None,None
8A-AM-1013-06,10,668,7,-73.97730967186,40.77380538625,6,True,False,False,False,False,None,None
7E-AM-1006-01,21,398,18,-73.97388173882,40.77127093661,1,False,False,False,True,False,None,None
37H-AM-1018-01,21,203,16,-73.95328383384,40.79311126746,1,False,False,False,False,True,None,None
20F-PM-1007-09,9,635,3,-73.9654093844,40.78068963685,9,True,False,False,False,False,None,None
1H-AM-1012-02,1,426,13,-73.97365437906,40.76514441884,2,True,False,False,False,False,None,None
32G-AM-1010-01,21,632,2,-73.95681438712,40.78990017,1,False,False,False,False,True,None,None
8H-PM-1014-09,15,650,14,-73.97015962687,40.77021066073,9,False,False,False,False,True,None,None
29B-AM-1007-01,21,795,10,-73.96374158932,40.78981403635,1,True,False,False,False,False,None,None
17B-PM-1012-01,21,834,4,-73.97179185488,40.78029717298,1,True,False,False,False,True,None,None
13E-PM-1008-11,33,7,19,-73.96997636678,40.7757060731,11,False,False,False,True,True,None,None
36H-PM-1008-01,33,453,19,-73.954795927,40.79251629263,1,True,False,True,False,True,None,None
19F-AM-1007-03,45,659,10,-73.96584435488,40.7796704899,3,False,False,False,True,True,None,scared
36A-PM-1013-08,43,135,15,-73.96065706156,40.79561507441,8,True,False,False,False,False,running from #7,None
37D-PM-1014-08,15,137,14,-73.95811737309,40.79547721705,8,False,False,False,False,True,None,None
32F-PM-1008-08,33,395,19,-73.95865277218,40.79088311106,8,True,True,False,False,True,None,None
32C-AM-1014-03,21,688,8,-73.96138622513,40.79128216972,3,False,True,True,False,False,None,None
11B-PM-1014-04,43,765,14,-73.97461330581,40.77606465541,4,False,False,False,False,True,jumping,None
22H-PM-1007-04,9,552,3,-73.96239227739,40.78149444283,4,True,False,False,False,False,None,None
2H-AM-1006-03,1,151,18,-73.97314571029,40.76602553932,3,True,False,False,False,False,None,None
6H-PM-1020-03,15,774,11,-73.97154668503,40.76955849335,3,False,False,False,True,True,None,runs from (kids kicking the fence)
34A-AM-1012-03,21,63,13,-73.96210667189,40.79424270797,3,True,False,False,True,True,None,None
30B-PM-1019-04,1,25,12,-73.96310454998,40.79061809695,4,True,False,True,True,True,None,None
19A-PM-1013-01,33,938,15,-73.97083010709,40.78202009275,1,False,False,False,False,True,planting acorns,None
33E-AM-1014-12,33,799,8,-73.9583175818,40.79165666832,12,False,False,False,False,False,sleeping,asleep
9I-AM-1014-06,22,553,8,-73.96839940647,40.77107655008,6,False,False,True,False,True,None,None
9I-PM-1010-04,9,553,9,-73.96897818439,40.77093338338,4,False,False,False,False,True,None,None
7B-AM-1008-12,21,510,21,-73.97735293685,40.77287506857,12,True,False,False,False,False,None,None
9H-PM-1018-09,21,545,6,-73.97035767623,40.77140364877,9,False,False,False,True,True,None,None
1D-PM-1007-04,9,299,3,-73.97839259115,40.76689933982,4,False,False,False,False,True,None,None
10G-AM-1006-02,15,9,18,-73.97045910917,40.77291751434,2,True,False,False,False,True,None,None
13E-AM-1017-09,21,7,20,-73.97059770599,40.77604131823,9,False,False,False,False,True,None,None
4G-PM-1007-01,1,820,3,-73.97403811941,40.76759125882,1,False,False,False,False,True,None,None
1F-AM-1010-05,21,185,2,-73.97646018829,40.76607044664,5,False,False,False,True,False,None,None
36A-PM-1013-09,43,835,15,-73.96123494215,40.79595864757,9,True,False,False,False,False,None,None
14D-PM-1019-07,21,17,12,-73.97098177964,40.77735543116,7,False,False,False,True,False,None,None
15G-PM-1019-12,21,404,12,-73.96731601654,40.77661580012,12,False,False,True,False,False,None,stared
16F-AM-1008-01,2,939,21,-73.96764245997,40.77777661068,1,False,False,False,False,True,None,None
30B-AM-1007-05,21,292,10,-73.96415520708,40.79084795279,5,True,False,False,False,False,None,None
17F-PM-1020-01,15,265,11,-73.9672950266,40.77824775176,1,False,False,True,False,False,None,None
22B-PM-1014-07,15,413,14,-73.96817222448,40.78355982628,7,False,False,False,False,False,None,None
2C-PM-1013-03,33,47,15,-73.9784009387,40.76774119119,3,False,False,False,True,False,None,None
21F-AM-1018-06,9,804,16,-73.96498278073,40.78173228328,6,True,False,False,False,False,None,None
2C-AM-1010-06,21,47,2,-73.97870401925,40.76790102473,6,False,False,False,False,False,stood still & watched me then jumped on a fence and ran away,None
35C-PM-1013-05,15,129,15,-73.96030310596,40.79436677357,5,False,False,False,False,True,None,None
32B-PM-1010-06,21,416,9,-73.96296155944,40.79241764258,6,False,False,False,False,True,None,None
30B-PM-1019-03,35,292,12,-73.96356890598,40.79016343492,3,False,False,True,False,False,None,None
19A-PM-1013-03,21,938,15,-73.97080835875,40.78254294416,3,False,False,False,True,True,None,None
8A-AM-1013-02,10,335,7,-73.97724226647,40.77343632916,2,True,False,False,False,False,None,None
11D-AM-1010-05,15,929,2,-73.9718553362,40.77485847988,5,False,False,False,True,True,None,None
18C-PM-1018-02,10,517,6,-73.96988435074,40.78037541876,2,True,False,False,False,True,None,None
16D-AM-1007-01,33,925,10,-73.97031498294,40.77855836303,1,False,False,True,True,False,None,None
3B-AM-1010-10,2,11,2,-73.97908967752,40.76880486449,10,False,False,False,True,True,None,None
33D-AM-1017-03,21,191,20,-73.96005462945,40.79149691658,3,False,False,False,False,True,None,None
2A-PM-1019-04,39,554,12,-73.98094829361,40.76856888506,4,True,False,False,False,False,None,None
2A-AM-1010-08,21,934,2,-73.98051370468,40.7692751438,8,True,False,False,False,True,None,None
1B-AM-1012-11,22,167,13,-73.98019859778,40.76801595117,11,False,False,False,True,False,fighting w/ pigeons,None
22C-PM-1006-02,21,148,22,-73.96720704237,40.78333735489,2,True,False,False,False,False,None,None
16I-AM-1008-04,24,689,21,-73.96455475568,40.77687700708,4,False,False,False,False,False,in hollow,curious
22C-PM-1006-01,3,148,22,-73.96708508056,40.78337478104,1,True,True,False,False,False,for food,None
38E-PM-1014-04,21,666,14,-73.95582687318,40.79520741938,4,False,False,False,False,True,None,None
10H-AM-1014-02,45,690,8,-73.96862962179,40.77181230888,2,True,False,False,False,False,None,None
22G-AM-1018-01,15,430,16,-73.9635317823,40.78213520802,1,False,True,False,False,False,None,None
34H-PM-1006-04,38,836,22,-73.95530381626,40.79093677832,4,False,False,False,False,False,None,None
30B-PM-1019-02,29,25,12,-73.96365514332,40.79015728188,2,False,True,False,True,True,None,None
13F-AM-1007-01,15,336,10,-73.968972359,40.77568609903,1,False,False,True,False,False,None,None
12D-AM-1013-02,21,940,7,-73.97191114702,40.77587898555,2,False,False,False,False,False,jumped off,None
2F-AM-1006-03,15,941,18,-73.97555691706,40.76680069775,3,False,False,True,False,False,None,None
9H-PM-1018-04,21,545,6,-73.9695538963,40.77098849293,4,False,False,False,False,True,None,None
8I-PM-1013-05,1,432,15,-73.96944680445,40.77036088604,5,False,False,False,False,True,None,None
9E-PM-1014-01,15,454,14,-73.97203470893,40.7727750272,1,False,False,False,False,True,looked like it was smelling/digging in the ground,indifferent (was in a grassy area with no humans nearby)
8I-AM-1006-11,21,533,18,-73.96912935464,40.77032190765,11,False,True,False,False,False,None,None
32I-AM-1013-06,9,909,7,-73.95520350119,40.78898518963,6,False,False,True,False,True,None,None
13F-PM-1008-03,21,691,19,-73.96953055554,40.7757541971,3,False,False,False,True,True,None,None
10G-AM-1006-09,33,9,18,-73.9704269631,40.77229646403,9,True,False,False,False,False,None,None
8H-AM-1017-05,15,128,20,-73.97016933635,40.77054525298,5,True,False,False,True,True,None,None
15B-AM-1014-03,10,35,8,-73.97186968288,40.77892698888,3,True,False,False,True,True,running (from a dog),None
41D-PM-1014-04,15,815,14,-73.95488534927,40.79847835844,4,False,False,True,False,False,jumping tree to tree,None
6C-PM-1020-04,21,837,11,-73.97608800702,40.77110578279,4,False,False,False,True,False,None,None
39H-PM-1013-03,23,634,15,-73.9521514669,40.79495151828,3,False,False,False,False,True,None,None
7C-PM-1020-05,10,692,11,-73.97635066124,40.77161139318,5,False,False,False,True,False,None,None
10F-PM-1019-04,12,15,12,-73.97109511496,40.77250124501,4,False,False,False,False,True,None,None
32A-PM-1013-01,39,885,15,-73.96400163249,40.79217590971,1,False,False,False,False,True,None,None
13E-PM-1008-03,39,64,19,-73.97070123457,40.77589389841,3,False,False,False,False,True,None,None
36B-PM-1013-04,38,41,15,-73.96012591891,40.79553506091,4,True,False,False,True,False,None,None
13E-PM-1008-09,33,7,19,-73.96975267331,40.77595298498,9,False,False,False,False,True,None,None
8B-PM-1012-04,1,649,4,-73.97665936367,40.77357081788,4,False,False,False,False,True,None,None
30B-AM-1007-06,21,292,10,-73.96328685618,40.79078063129,6,False,False,True,False,False,None,None
5D-PM-1018-01,21,145,6,-73.97567360747,40.76990442942,1,False,False,False,False,True,None,None
42D-PM-1013-04,9,43,15,-73.95531638296,40.79886109262,4,False,False,False,False,False,carrying nut away,None
1E-AM-1006-02,15,333,18,-73.97725699097,40.76648047974,2,False,False,True,False,True,None,None
14D-AM-1014-04,1,17,8,-73.9709207551,40.7767932008,4,False,False,False,False,True,None,None
15G-PM-1019-08,36,404,12,-73.9677409842,40.77635791406,8,False,True,False,False,False,None,None
38E-AM-1010-12,34,455,2,-73.95633111671,40.79509015633,12,False,True,False,False,False,None,runs toward something
40B-PM-1014-07,15,622,14,-73.95846460001,40.7983984666,7,False,False,False,False,True,None,None
28C-AM-1014-02,21,65,8,-73.96432365054,40.78878547716,2,False,False,True,False,False,None,None
38B-PM-1018-01,9,273,6,-73.95933743419,40.7972583378,1,False,False,False,False,True,None,None
3E-AM-1006-05,3,623,18,-73.97585643948,40.76747589428,5,False,False,False,False,True,None,None
14F-AM-1007-01,15,680,10,-73.96932540805,40.77616003271,1,False,False,True,False,False,None,None
15B-AM-1014-01,15,456,8,-73.9730420697,40.77861510197,1,False,False,True,False,True,None,None
29B-AM-1007-02,21,942,10,-73.96478912286,40.78985306604,2,True,False,False,False,False,None,None
27I-PM-1020-02,33,431,11,-73.95801110567,40.78543394015,2,True,False,False,False,False,None,None
6A-AM-1006-05,1,524,18,-73.97821201394,40.77171544688,5,False,False,True,False,False,None,curious
30I-PM-1006-06,33,442,22,-73.95646064264,40.78805465726,6,True,False,False,False,False,None,ran up tree
41C-AM-1017-02,9,683,20,-73.95626420769,40.79833387631,2,False,False,False,False,True,None,None
33C-PM-1007-01,21,4,3,-73.96137470327,40.79204838524,1,True,False,True,False,False,None,None
5B-PM-1013-01,15,838,15,-73.97738581896,40.77080770156,1,False,False,False,True,True,None,None
23A-AM-1018-04,21,337,16,-73.96858597055,40.78488050653,4,False,False,True,False,False,None,None
40C-AM-1017-05,33,295,20,-73.95700504609,40.79851922507,5,True,False,False,False,False,None,None
31B-PM-1007-01,15,943,3,-73.96323371347,40.79146823707,1,False,True,True,False,False,chasing #2 and climbing tree w/ #2,None
1A-AM-1007-04,9,338,10,-73.98110784425,40.76751594057,4,False,False,False,False,True,None,None
33D-AM-1017-02,4,191,20,-73.95944062259,40.79185337078,2,False,False,False,False,True,None,None
7E-PM-1013-03,21,66,15,-73.97371007432,40.77083601217,3,False,False,False,False,True,None,None
3F-PM-1013-07,15,323,15,-73.97494575169,40.76767123722,7,True,False,False,False,False,None,None
8F-PM-1012-08,15,785,4,-73.97288710612,40.77129836589,8,False,False,False,True,False,None,None
39G-AM-1018-02,3,839,16,-73.95326577156,40.79490468094,2,False,False,False,False,False,sitting & watching,None
39C-AM-1017-02,15,130,20,-73.9572596734,40.79744429139,2,False,False,False,True,False,None,None
2G-PM-1007-01,15,204,3,-73.97503467783,40.76654044048,1,False,False,False,False,True,None,None
42E-PM-1012-02,10,555,4,-73.95402573196,40.79840861912,2,True,False,True,False,False,None,None
7B-AM-1008-08,21,322,21,-73.97697007774,40.7728489575,8,True,False,False,False,False,None,None
11D-AM-1010-07,12,929,2,-73.97201749971,40.7748894266,7,False,False,False,True,True,None,None
12F-PM-1007-02,9,12,3,-73.96953059967,40.7745386897,2,False,False,True,True,True,None,None
14H-AM-1007-03,23,38,10,-73.96660639702,40.77566550317,3,False,True,False,False,False,None,None
25I-PM-1007-08,21,944,3,-73.95954857346,40.78353264257,8,False,False,False,False,False,None,None
17E-AM-1017-10,3,457,20,-73.96746312546,40.77900763577,10,True,False,False,False,False,None,None
9G-AM-1007-01,21,776,10,-73.97037740001,40.77176075516,1,False,False,True,False,False,None,None
41C-AM-1017-04,43,683,20,-73.95665717133,40.79898557754,4,True,False,False,False,False,None,None
7B-AM-1008-07,21,510,21,-73.97697421798,40.77274845218,7,False,False,False,False,True,None,None
3I-PM-1013-06,15,912,15,-73.97246575627,40.76580155044,6,True,False,False,False,False,None,None
17I-AM-1014-02,22,933,8,-73.96405349066,40.77773838998,2,True,False,False,False,False,standing upright,runs from (only ran away when a grandpa chased it off)
34A-PM-1013-04,15,63,15,-73.96279043284,40.79393753058,4,False,False,False,False,False,digging & burying,None
38G-PM-1020-06,13,507,11,-73.95418371432,40.79443404774,6,False,False,False,False,True,None,None
32F-PM-1008-06,21,395,19,-73.95865914552,40.79062439013,6,False,False,False,False,True,None,None
6G-AM-1008-04,10,556,21,-73.97227375936,40.76896301875,4,True,False,True,False,False,None,None
11H-AM-1010-07,33,331,2,-73.96902119353,40.77303829816,7,False,False,False,True,False,None,None
15F-AM-1007-10,9,789,10,-73.96808552778,40.77692519654,10,True,False,True,False,False,None,None
32C-PM-1013-06,21,147,15,-73.96174906803,40.79215378492,6,True,False,False,False,False,None,None
5B-PM-1013-04,33,838,15,-73.97881177554,40.77073471375,4,False,False,False,False,True,None,None
16D-PM-1010-08,21,149,9,-73.96988397502,40.77814330767,8,True,False,False,False,False,None,None
7G-PM-1018-02,33,900,6,-73.97222650468,40.77009168959,2,False,False,False,True,False,None,None
12E-PM-1018-02,16,661,6,-73.97133993165,40.77506780268,2,False,False,True,False,False,lounging on tree upside down,None
20C-PM-1018-04,21,67,6,-73.96799558311,40.78184316079,4,False,False,True,False,False,None,None
1E-AM-1006-04,9,333,18,-73.97709854251,40.76659267445,4,False,False,False,False,True,None,None
15H-PM-1008-04,38,205,19,-73.96559558413,40.77620638606,4,False,False,False,False,True,None,None
23B-PM-1012-07,15,822,4,-73.96776737218,40.78470263162,7,True,False,False,False,False,None,None
7H-AM-1006-07,15,206,18,-73.97055600791,40.76984991834,7,False,False,False,True,False,None,None
13D-PM-1018-12,33,139,6,-73.97113192546,40.77603248599,12,False,False,False,False,True,None,None
32F-PM-1008-02,33,395,19,-73.95841067862,40.79027775569,2,False,False,True,True,True,None,None
5B-AM-1008-01,15,838,21,-73.97738983011,40.77085815621,1,True,False,False,True,True,"running across ball field 5,near home plate",None
8D-AM-1007-02,21,328,10,-73.97355479263,40.77234200761,2,False,False,True,False,False,None,None
36E-AM-1013-01,3,424,7,-73.95683008998,40.79358557434,1,True,False,False,False,False,None,runs from (ran into treebrush)
10A-PM-1014-02,28,557,14,-73.97615795279,40.77558773121,2,False,False,False,True,True,None,None
37A-AM-1012-01,9,202,13,-73.96049542761,40.7965682182,1,False,False,False,False,True,scanning (drawing included),None
6C-AM-1007-06,15,558,10,-73.97615279475,40.77096070025,6,False,False,True,False,False,None,disappeared when jogger ran by
1B-AM-1012-14,38,167,13,-73.98054238862,40.76820488048,14,False,True,False,False,False,None,None
34D-AM-1008-01,12,825,21,-73.95912925497,40.79255302805,1,False,False,False,False,True,None,staring at us
16E-AM-1014-08,21,514,8,-73.96881734658,40.77820097646,8,True,False,False,False,False,None,runs from (dog)
35H-AM-1013-02,24,207,7,-73.9541500874,40.79203299898,2,False,False,False,False,False,sitting,"watching me from tree,but calm"
33E-AM-1014-07,1,799,8,-73.95898529895,40.79127200159,7,False,False,True,False,False,None,None
1A-PM-1014-07,15,338,14,-73.9811218801,40.76844062062,7,False,False,False,False,True,None,None
7H-PM-1006-08,33,945,22,-73.97029709193,40.76968831134,8,False,False,False,False,True,None,None
37H-PM-1006-01,39,693,22,-73.95307395621,40.79320344095,1,False,False,False,True,True,None,from voice
23F-PM-1013-02,1,559,15,-73.96383977904,40.78289502729,2,True,False,False,True,True,None,"indifferent (mostly,did notice me,busy eating,foraging)"
12H-PM-1007-01,15,535,3,-73.96781540331,40.77427834845,1,False,False,False,True,False,None,None
24A-PM-1007-04,21,208,3,-73.9676434257,40.78623366244,4,False,False,True,False,False,None,None
21H-PM-1018-01,10,68,6,-73.96327993399,40.78083164363,1,False,False,False,False,False,staring,None
27I-AM-1007-02,14,458,10,-73.9583934264,40.78547421855,2,False,False,False,False,False,None,None
17E-AM-1017-04,21,209,20,-73.96793091303,40.7792437838,4,False,False,False,False,True,None,None
35C-PM-1013-06,15,129,15,-73.9596505139,40.7940367735,6,False,False,False,False,True,None,None
37G-PM-1007-01,15,526,3,-73.95452146133,40.7943801121,1,False,False,False,True,True,None,None
10D-AM-1008-03,33,327,21,-73.97298471098,40.77407090496,3,False,False,True,False,False,None,None
12F-PM-1007-01,9,12,3,-73.96934653836,40.77449963369,1,False,False,False,True,True,None,None
18A-AM-1012-01,1,560,13,-73.97194603354,40.78105081563,1,True,False,True,False,True,None,None
36C-AM-1014-01,15,561,8,-73.95975578194,40.79499182045,1,False,False,False,False,True,None,None
36F-AM-1017-02,15,14,20,-73.95640792733,40.79393400538,2,False,False,False,True,True,None,None
16I-AM-1008-03,2,618,21,-73.96450604333,40.77683220578,3,False,False,False,False,True,None,None
3H-PM-1014-05,33,54,14,-73.97287003595,40.76598426669,5,False,False,False,True,False,None,None
14H-PM-1012-02,1,69,4,-73.9670858934,40.7753505025,2,True,False,False,True,True,None,None
36C-PM-1013-04,21,70,15,-73.95951675722,40.79525459085,4,True,False,False,False,True,None,None
4C-PM-1010-08,1,946,9,-73.97757350773,40.76928720822,8,True,False,True,False,False,None,None
20B-AM-1007-03,33,459,10,-73.9700186001,40.78260521847,3,False,False,False,False,True,None,None
3D-PM-1010-07,22,901,9,-73.97764455679,40.76811910797,7,False,False,False,False,True,None,None
21G-AM-1014-06,15,277,8,-73.96385990443,40.78092887953,6,False,True,True,False,False,None,None
6E-PM-1010-05,22,562,9,-73.97449068327,40.76999487468,5,False,False,False,True,False,could this squirrel be eating a white mushroom?,None
41G-AM-1013-02,1,71,7,-73.95190816278,40.79731487194,2,False,False,False,False,True,None,None
2C-PM-1013-11,33,47,15,-73.97930826797,40.76799305988,11,False,False,False,False,False,None,None
3A-PM-1017-07,22,402,17,-73.97983903873,40.77007610909,7,False,False,False,False,True,None,None
13D-PM-1018-06,33,460,6,-73.97125505843,40.77642734754,6,False,False,True,False,False,cleaning,None
16B-AM-1014-02,15,44,8,-73.97169955076,40.77976713277,2,False,False,False,False,True,None,None
15H-PM-1008-01,9,840,19,-73.9667474483,40.77606437208,1,False,True,False,False,False,watching me,observant
40H-AM-1017-02,21,563,20,-73.95159077962,40.79526842355,2,False,False,False,False,True,None,None
39I-PM-1013-03,21,72,15,-73.95202800044,40.79463450145,3,False,False,False,False,False,playing,None
25I-AM-1012-01,34,694,13,-73.95943570497,40.78406788909,1,False,False,False,True,False,None,None
16B-PM-1017-02,33,44,17,-73.97162714946,40.77964626342,2,True,True,False,True,False,None,None
35A-AM-1014-08,22,891,8,-73.96158178592,40.79458396638,8,False,False,True,False,False,None,None
16G-AM-1010-05,33,767,2,-73.96646693696,40.7774085362,5,True,False,False,False,False,None,None
4D-PM-1008-07,2,695,19,-73.97658056091,40.76928078209,7,True,True,False,False,False,None,None
34A-PM-1013-03,15,63,15,-73.96283497784,40.79388700521,3,False,True,False,False,True,None,None
3G-AM-1008-01,21,339,21,-73.97431846538,40.7667932997,1,False,False,True,False,False,None,None
32D-AM-1013-03,9,55,7,-73.96114462634,40.79110034073,3,False,False,True,False,False,None,None
1C-PM-1013-04,22,656,15,-73.97943670963,40.76727205985,4,False,False,False,False,True,None,None
32A-AM-1018-01,21,696,16,-73.96318185288,40.79253321941,1,True,True,False,False,False,None,None
17C-PM-1013-03,21,947,15,-73.97073392007,40.77963333557,3,False,False,False,False,False,None,None
32E-PM-1017-16,12,210,17,-73.9602377852,40.79078316076,16,False,False,False,False,True,None,None
12A-PM-1013-03,38,422,15,-73.97447264347,40.77672963079,3,True,False,False,False,False,chased up a tree by #4,None
38E-PM-1014-01,33,773,14,-73.95576024997,40.79564524244,1,False,False,False,False,True,None,None
23I-AM-1019-01,15,841,1,-73.96083990038,40.78177045022,1,False,False,True,False,False,None,"eyed me warily,then went up the tree"
22A-AM-1008-02,21,160,21,-73.96885239245,40.78440180359,2,False,False,False,False,True,None,None
5A-PM-1010-02,33,73,9,-73.97869369925,40.77139436747,2,False,False,True,False,False,None,None
21F-PM-1018-01,9,804,6,-73.96457217909,40.7811208719,1,False,False,False,False,True,None,None
15F-PM-1010-01,21,889,9,-73.96889292827,40.77688995369,1,False,False,False,False,True,None,None
6I-PM-1013-05,33,506,15,-73.97044490961,40.76899707783,5,False,False,False,False,False,playing with #6,None
5C-PM-1010-12,22,502,9,-73.97638947595,40.77055233724,12,False,False,False,True,True,None,None
14G-AM-1012-03,15,904,13,-73.96821292618,40.77542323581,3,False,False,False,False,True,None,None
1E-AM-1006-03,21,333,18,-73.97772569894,40.76662369956,3,False,False,False,False,True,None,None
18C-PM-1018-06,23,930,6,-73.96940666002,40.78056621807,6,False,False,True,True,True,None,None
39D-AM-1008-06,21,211,21,-73.95685442709,40.79725172745,6,False,False,False,False,False,None,None
21C-AM-1014-02,15,948,8,-73.96770969852,40.78253583612,2,True,True,True,False,True,None,looked at us from tree
4B-AM-1010-01,28,175,2,-73.97902264006,40.76989976538,1,False,False,True,False,False,None,None
14F-PM-1012-05,2,461,4,-73.96895041147,40.77667701538,5,True,False,False,True,False,sitting,looking at me
1B-AM-1012-06,15,167,13,-73.98004811992,40.7676638655,6,False,True,True,False,False,None,None
36C-PM-1013-03,21,685,15,-73.95932444151,40.79496472975,3,False,True,False,True,True,None,None
7A-PM-1007-02,15,697,3,-73.97798744057,40.77307653774,2,False,False,True,False,False,None,None
35F-AM-1007-01,15,674,10,-73.95703919015,40.79306972078,1,False,False,False,True,True,None,None
30A-PM-1020-02,1,212,11,-73.96479040852,40.79115890022,2,False,False,False,True,False,None,None
39C-AM-1017-01,21,130,20,-73.95734776438,40.79717340605,1,True,False,False,False,False,None,None
10G-AM-1006-06,3,9,18,-73.97069292706,40.77278411194,6,False,True,False,False,False,chasing (#5),None
32E-PM-1017-07,21,152,17,-73.95907075403,40.79066751434,7,False,False,True,False,False,None,None
16E-PM-1018-05,15,514,6,-73.96820671299,40.7779911208,5,False,False,False,False,False,staring,approaches (very close)
1B-PM-1019-09,33,564,12,-73.98032826985,40.76808098894,9,False,False,False,False,True,None,None
40D-PM-1013-04,15,629,15,-73.9553263156,40.79755920606,4,True,False,False,False,False,None,None
1A-PM-1014-04,22,338,14,-73.98078982247,40.76821581751,4,False,False,False,False,True,None,None
40I-PM-1013-01,15,842,15,-73.9507772993,40.79491889602,1,False,False,False,True,False,eating (berries),None
8H-AM-1017-02,15,340,20,-73.96967620348,40.77048834943,2,True,False,False,False,True,None,None
23F-PM-1013-01,1,559,15,-73.9639726818,40.7829083461,1,True,False,False,False,False,None,"runs from (dove into some bushes/undergrowth,only saw briefly! → not because of humans tho.)"
9I-PM-1010-01,1,553,9,-73.96903953636,40.77112820503,1,False,False,False,False,True,None,None
17G-PM-1017-04,33,213,17,-73.96672060469,40.77799935651,4,True,True,True,False,False,None,None
38I-PM-1014-01,1,214,14,-73.9525699068,40.79371257881,1,False,False,False,False,False,scampering thru the grass!,None
1B-PM-1019-01,33,167,12,-73.98079827422,40.76787959854,1,False,False,False,False,True,None,None
40B-AM-1019-08,33,622,1,-73.95823067437,40.79892683965,8,False,False,True,False,True,None,None
15G-PM-1019-02,15,682,12,-73.96740331258,40.7769132902,2,True,False,False,False,False,None,None
1C-PM-1013-02,22,656,15,-73.97933344164,40.76741420892,2,False,False,False,False,True,digging,None
25A-AM-1013-05,43,462,7,-73.9669529836,40.78718641514,5,True,False,True,False,False,d.p.t.,calm
32G-PM-1013-01,10,632,15,-73.95776297445,40.78974607583,1,False,False,False,False,True,None,allowed me to approach within 10 ft
15A-AM-1007-01,21,74,10,-73.97280693558,40.77944581317,1,False,False,False,False,True,hopping,in fenced in lawn (chill)
31A-PM-1017-03,1,136,17,-73.96348353461,40.79182443107,3,False,False,False,True,False,None,None
30B-AM-1007-10,21,25,10,-73.96348114952,40.79070558508,10,True,False,True,False,True,None,None
2H-AM-1006-01,12,151,18,-73.97318806563,40.76600261862,1,True,False,True,False,False,None,None
22B-PM-1014-06,38,215,14,-73.96874625661,40.78389898701,6,False,False,False,False,False,digging,None
2B-AM-1010-04,21,620,2,-73.98016989094,40.76837215533,4,False,False,False,False,True,None,None
40B-AM-1019-05,1,622,1,-73.95801114963,40.79853659715,5,False,False,False,False,True,None,None
32E-PM-1017-09,21,152,17,-73.95908687486,40.79060476304,9,False,False,False,True,True,None,None
20F-AM-1014-03,21,325,8,-73.96552773205,40.78061205294,3,False,False,True,False,False,None,None
9B-PM-1013-08,6,417,15,-73.97621877337,40.7739282973,8,False,False,False,False,True,None,None
3E-PM-1008-08,34,623,19,-73.97569931984,40.76819566419,8,True,False,False,False,True,None,None
18G-PM-1013-03,21,142,15,-73.96577217153,40.77853483026,3,True,False,False,True,True,None,None
22F-AM-1007-04,9,216,10,-73.96369718437,40.78256385374,4,False,False,False,False,True,None,None
6A-AM-1006-02,1,524,18,-73.97828135384,40.77157303687,2,False,True,True,False,False,None,None
7I-PM-1013-02,33,949,15,-73.9694979297,40.76946674087,2,True,False,False,False,False,None,None
36A-AM-1018-02,39,176,16,-73.9616999731,40.79541269396,2,False,False,False,True,False,eating (red berries),None
10A-AM-1006-02,33,523,18,-73.97629653413,40.77511251668,2,True,False,False,False,False,None,None
36A-PM-1013-01,38,698,15,-73.96111187788,40.79520078754,1,False,False,False,False,True,burying,None
11B-PM-1014-01,21,883,14,-73.97487092064,40.77608025411,1,False,False,True,False,False,None,None
32E-AM-1007-07,21,217,10,-73.95947083287,40.7911929829,7,False,False,True,False,False,None,None
28A-PM-1007-01,15,127,3,-73.96628049258,40.78902846424,1,False,False,False,True,False,None,None
5C-AM-1006-07,15,502,18,-73.97631591531,40.77057853304,7,False,False,False,False,True,None,None
10G-PM-1017-07,44,9,17,-73.97079374645,40.77252827084,7,False,False,False,False,False,traveling,None
38F-PM-1013-01,15,769,15,-73.9549337398,40.79465527316,1,False,False,False,False,True,None,None
9A-AM-1013-09,45,53,7,-73.97617921894,40.77457455172,9,True,False,False,False,False,None,None
9H-AM-1006-01,33,545,18,-73.96932020783,40.77104347293,1,False,False,False,False,True,None,None
13F-PM-1008-01,21,843,19,-73.96995174925,40.77531695954,1,False,False,False,True,True,None,None
6F-AM-1006-01,24,153,18,-73.9728895596,40.76993783323,1,False,False,True,True,False,None,None
15D-AM-1007-06,15,633,10,-73.97072450136,40.77806565883,6,False,False,False,True,True,None,None
8B-AM-1007-07,40,320,10,-73.97648500868,40.77373407206,7,False,False,False,True,False,holding nut,None
38G-PM-1020-02,15,507,11,-73.95337564261,40.79471444779,2,False,False,False,False,True,None,None
22D-PM-1012-06,29,414,4,-73.96618922005,40.78367980728,6,True,False,False,False,False,None,None
2D-AM-1007-02,1,75,10,-73.97799837948,40.76754520992,2,False,True,True,False,False,None,None
1C-PM-1013-09,9,656,15,-73.97964096715,40.76790498712,9,False,False,False,True,True,None,None
15E-PM-1008-03,21,760,19,-73.96914204121,40.77734925821,3,False,False,False,False,True,walking,None
33E-AM-1014-04,16,527,8,-73.95912985511,40.7919612446,4,True,False,False,True,False,None,None
41B-AM-1010-05,33,699,2,-73.95725308435,40.79874604305,5,False,True,False,False,False,None,None
35D-PM-1013-01,33,341,15,-73.95848035139,40.79338020773,1,False,False,True,False,False,None,None
5C-PM-1010-07,9,642,9,-73.97684509717,40.77094303751,7,False,True,False,False,False,None,None
37I-AM-1010-04,21,342,2,-73.95279247554,40.79343662605,4,False,False,True,False,False,None,None
15A-AM-1007-02,21,74,10,-73.97290903366,40.77943400525,2,False,False,False,False,True,None,in fenced in lawn (chill)
17E-AM-1017-11,21,209,20,-73.96777515074,40.77909900667,11,True,False,False,False,False,None,None
5A-AM-1006-03,45,73,18,-73.97908226065,40.77144666334,3,False,False,True,True,False,None,None
36F-PM-1012-07,33,14,4,-73.9555583725,40.79328797457,7,False,False,False,True,False,None,None
33E-PM-1012-09,12,527,4,-73.95892548783,40.79144676507,9,False,False,False,True,True,None,None
7G-AM-1010-06,22,900,2,-73.97222812636,40.7704083288,6,False,False,False,True,False,None,None
9H-PM-1018-08,21,545,6,-73.97014122311,40.77145340889,8,False,False,False,False,True,None,None
21C-AM-1014-01,15,948,8,-73.96796867939,40.78259938679,1,True,False,False,False,False,jumping back & forth on tree,None
2C-AM-1010-07,1,47,2,-73.97920390711,40.76787494713,7,True,True,False,False,False,#7 & #8 chased each other up diff tree,None
13E-PM-1008-04,15,7,19,-73.97053707955,40.77617254349,4,False,False,False,False,True,None,he took 2 steps then turned and stared at me
3D-PM-1010-02,21,950,9,-73.97736921314,40.76797711501,2,False,False,True,False,False,None,None
6G-AM-1008-01,15,76,21,-73.97258972403,40.76913420793,1,False,False,False,False,False,sitting,None
18C-PM-1018-09,3,930,6,-73.96961191798,40.78029261119,9,False,False,True,True,True,None,None
21E-AM-1017-01,33,565,20,-73.9651817987,40.78190828383,1,False,False,False,True,True,None,walks from
13D-PM-1018-03,1,139,6,-73.97145121252,40.77602752501,3,True,False,False,True,True,None,None
3F-AM-1006-07,23,77,18,-73.97455562299,40.7672921041,7,False,False,False,False,True,None,None
42C-AM-1007-03,14,405,10,-73.95652608898,40.79918079243,3,False,False,False,False,False,None,None
14A-PM-1014-07,1,520,14,-73.97393263938,40.77791053705,7,False,False,False,False,True,None,None
41E-AM-1007-04,22,343,10,-73.95430443854,40.79844985713,4,False,False,False,False,True,None,None
21D-PM-1008-06,1,630,19,-73.96709048699,40.7832091658,6,True,False,False,False,False,None,None
4I-AM-1006-03,36,463,18,-73.97197293239,40.76683183945,3,False,False,True,False,False,building nest!,None
37C-AM-1012-03,15,816,13,-73.95901327059,40.79522482798,3,False,False,False,False,True,None,None
38C-PM-1014-03,15,762,14,-73.95851333403,40.79637216795,3,False,False,False,True,True,None,None
2G-AM-1010-01,21,204,2,-73.97482476778,40.76678938678,1,False,False,False,False,True,None,None
5B-PM-1013-02,33,700,15,-73.97779989324,40.77098158653,2,False,False,True,False,False,None,None
37I-AM-1010-03,9,342,2,-73.95272272821,40.79350614841,3,False,False,True,False,False,None,None
1F-PM-1019-03,3,951,12,-73.97640135899,40.76630634992,3,False,False,False,False,False,hiding,None
12D-PM-1014-03,21,218,14,-73.97174698222,40.77537319307,3,True,False,False,True,False,None,None
10I-AM-1010-02,33,158,2,-73.96794573646,40.7717350222,2,False,False,False,False,True,None,None
7B-AM-1008-15,15,510,21,-73.97672475937,40.77262000542,15,False,False,False,True,False,None,None
2C-AM-1010-02,15,47,2,-73.97893851961,40.76752021572,2,False,False,False,True,True,None,None
5C-PM-1010-05,33,502,9,-73.97686440258,40.7705663752,5,True,False,True,False,False,None,None
2A-AM-1010-06,34,934,2,-73.98115858076,40.76870674873,6,True,True,False,False,False,chasing #5,None
9F-AM-1013-01,12,631,7,-73.97191099492,40.77231385213,1,False,False,False,True,False,None,None
16E-PM-1018-07,10,464,6,-73.96833454148,40.77790162803,7,False,False,True,False,False,None,None
6C-PM-1020-02,21,558,11,-73.977087394,40.77103796621,2,False,False,True,False,False,None,None
2C-PM-1013-01,33,47,15,-73.97853537754,40.76749236832,1,True,True,False,False,False,None,None
23I-PM-1019-02,21,78,12,-73.96035971176,40.78243992984,2,False,False,True,False,False,None,None
6H-AM-1008-02,9,774,21,-73.97098978498,40.76862796401,2,True,False,False,False,True,None,None
6I-PM-1013-02,12,344,15,-73.97010109647,40.76889193145,2,False,True,False,False,False,None,None
31C-PM-1010-03,33,566,9,-73.96239842629,40.79139004534,3,False,False,True,False,False,None,None
29A-PM-1019-01,15,79,12,-73.96529212336,40.79044056585,1,False,False,False,False,True,None,None
20C-PM-1018-08,45,423,6,-73.96776216289,40.78233590272,8,True,False,False,False,False,None,runs from (dog)
22E-PM-1014-01,15,465,14,-73.96567502326,40.7833002587,1,False,False,False,False,True,None,None
25I-PM-1007-03,21,466,3,-73.95957172253,40.78298724983,3,True,False,False,False,False,None,None
40D-PM-1013-06,15,219,15,-73.95589438801,40.79715351419,6,False,False,True,False,False,None,None
3G-AM-1008-02,21,782,21,-73.97458599987,40.76716348856,2,False,False,True,False,False,None,None
7H-AM-1006-12,9,530,18,-73.97025414714,40.76985842318,12,False,False,False,False,True,None,None
3A-PM-1017-01,9,402,17,-73.97980051887,40.76918687917,1,False,False,False,False,True,None,None
33B-PM-1010-09,21,189,9,-73.96196099761,40.79228244435,9,False,False,False,False,True,None,None
7F-AM-1008-11,21,410,21,-73.97298489965,40.77071432943,11,True,False,False,False,False,None,None
39I-PM-1013-01,21,467,15,-73.95121209495,40.79479452665,1,False,False,False,True,False,digging,None
39D-AM-1008-04,21,316,21,-73.95624697272,40.79685907654,4,False,False,True,False,False,None,None
1C-PM-1013-07,9,656,15,-73.97957282896,40.76786698048,7,False,False,False,False,True,None,None
6E-PM-1010-04,22,701,9,-73.97445117532,40.77012946353,4,False,True,False,True,False,chasing #3,None
39D-PM-1012-02,33,952,4,-73.95667851365,40.79633683328,2,False,False,False,False,True,None,None
36E-PM-1012-01,15,424,4,-73.95708916968,40.79354488022,1,True,False,False,False,True,None,None
7H-AM-1006-08,15,530,18,-73.97051151894,40.76983955771,8,False,False,False,False,True,None,None
35D-AM-1019-02,29,513,1,-73.95890967828,40.79396987579,2,False,False,False,False,True,very quietly searching in long grass,None
4D-PM-1008-12,2,468,19,-73.9763236949,40.76868156153,12,True,False,False,False,False,was chased by # 11,None
7F-AM-1008-05,21,345,21,-73.9730454296,40.77029094544,5,False,True,False,False,False,None,None
11D-PM-1006-03,9,929,22,-73.97246812695,40.77434746758,3,False,False,False,True,True,None,None
15G-AM-1008-06,22,682,21,-73.96681408041,40.77681001473,6,False,False,False,True,False,None,None
11H-PM-1013-03,21,926,15,-73.96859351775,40.77355371396,3,False,False,False,False,False,planting nut,None
33E-PM-1012-05,33,527,4,-73.95901998713,40.79125466918,5,False,False,False,False,False,playing,None
3D-PM-1010-09,21,901,9,-73.97754653653,40.76819437079,9,True,False,False,False,True,None,None
32D-AM-1013-04,34,508,7,-73.96040899402,40.79100280631,4,True,False,False,False,False,None,None
14D-AM-1014-15,1,17,8,-73.9709534894,40.77659647408,15,False,False,False,True,True,None,None
6I-PM-1013-04,37,80,15,-73.97055091705,40.76894165402,4,False,False,False,True,False,None,None
3A-AM-1012-02,28,195,13,-73.9802831706,40.76927632956,2,True,False,False,False,False,None,None
32C-AM-1014-01,21,147,8,-73.96129005538,40.79129173919,1,True,False,False,True,True,None,None
4D-AM-1012-01,1,13,13,-73.97666536639,40.7688767713,1,True,False,True,False,True,None,None
18I-PM-1007-08,15,921,3,-73.96428057302,40.77783091149,8,False,True,True,False,False,canoodling w/ #9,None
32I-PM-1007-03,21,293,3,-73.95521466657,40.78929091024,3,False,False,True,False,False,None,None
10G-AM-1006-04,39,9,18,-73.97040245299,40.77292560639,4,False,True,False,False,False,chasing (#3),None
32D-PM-1006-01,1,508,22,-73.9603302383,40.79101004352,1,True,False,False,True,False,None,None
37H-AM-1018-02,21,702,16,-73.95333195193,40.79336479094,2,False,False,True,False,False,None,"busy,ready to climb"
30I-PM-1006-01,33,442,22,-73.95693249587,40.78777483743,1,False,False,False,False,False,sitting there,None
3F-PM-1013-01,15,323,15,-73.97559746463,40.76734357983,1,False,False,False,False,True,None,None
41C-PM-1007-01,12,683,3,-73.95651971373,40.79860114038,1,True,False,False,True,False,None,None
37E-AM-1013-01,33,770,7,-73.95603964408,40.79450803619,1,True,False,False,False,True,None,None
36H-AM-1010-01,35,393,2,-73.95458418284,40.79269242684,1,False,False,False,False,True,None,None
42D-AM-1014-03,33,43,8,-73.95462014035,40.79894237687,3,False,False,False,False,True,None,None
12G-PM-1007-03,46,346,3,-73.96941693524,40.77444082939,3,False,False,False,False,True,None,friendly
13D-PM-1018-05,1,139,6,-73.97120343207,40.77644155067,5,False,False,False,False,True,None,None
22C-PM-1006-04,3,27,22,-73.96718138662,40.7838640032,4,False,False,True,False,False,None,None
1A-PM-1014-06,3,338,14,-73.98091913478,40.76837724533,6,True,False,False,False,False,None,None
34D-PM-1007-01,33,654,3,-73.95959558248,40.79330479435,1,False,False,True,False,True,None,None
15G-PM-1019-01,15,682,12,-73.96747247907,40.77687713499,1,False,False,False,True,False,None,None
11I-PM-1012-06,21,452,4,-73.96805223794,40.77238981351,6,True,False,True,False,True,None,None
11E-PM-1012-01,33,427,4,-73.97149072357,40.77405838615,1,False,False,False,False,True,None,None
39D-AM-1008-02,21,952,21,-73.95621055063,40.79669911979,2,False,True,False,False,False,None,None
38E-AM-1010-05,15,773,2,-73.95543276836,40.79538463815,5,False,False,False,False,True,None,interested in my presence
15D-AM-1007-08,21,633,10,-73.96992856883,40.77744740152,8,False,True,False,False,True,chasing #7,None
14E-AM-1008-21,21,264,21,-73.97018243765,40.77637033067,21,False,False,False,False,True,walking,"curious,but not expecting food"
13A-AM-1017-03,34,81,20,-73.97443873476,40.77769531438,3,False,True,False,False,False,None,None
41E-AM-1007-05,33,669,10,-73.95455424538,40.79839357306,5,False,False,True,False,False,None,man/pit bull mix wandered
3C-AM-1007-02,1,647,10,-73.97752788479,40.76878810611,2,True,False,False,False,False,None,None
2G-PM-1007-03,15,204,3,-73.97472881226,40.76599187475,3,False,False,False,False,True,None,None
12G-AM-1012-03,21,286,13,-73.96899393686,40.77408247734,3,False,False,False,False,True,None,None
6C-AM-1007-03,33,703,10,-73.97657580431,40.7713803154,3,True,False,True,False,False,None,None
3D-AM-1006-06,43,82,18,-73.97721645242,40.76883995388,6,True,False,True,False,False,None,"did not run from humans,but ran straight to tree & climbed up"
19H-AM-1010-02,32,83,2,-73.96430325542,40.77945145265,2,True,False,False,True,True,None,ran from human with dog
26I-PM-1010-01,1,220,9,-73.958880915,40.78472315762,1,False,False,True,False,True,None,None
6B-AM-1012-02,15,221,13,-73.97749282458,40.7720464607,2,False,False,False,False,True,"walking,exploring - digging in flower bed",None
1G-PM-1010-02,15,285,9,-73.97545277018,40.76560884639,2,False,False,False,False,False,laying on tree branch,None
30I-PM-1006-07,9,442,22,-73.95713466258,40.78723956041,7,False,False,False,False,True,None,None
8I-AM-1006-09,1,432,18,-73.96956059128,40.77056198407,9,False,False,False,True,True,None,"very curious,looked like it expected food"
5G-PM-1010-05,15,46,9,-73.97338200537,40.76873304736,5,False,False,False,True,True,None,None
10C-AM-1018-03,21,22,16,-73.97509865535,40.77406711713,3,False,False,False,False,True,None,None
13D-PM-1018-07,15,460,6,-73.97166245744,40.77620371101,7,True,False,True,False,False,scratching,None
19C-PM-1018-08,23,893,6,-73.96864133262,40.78174239073,8,False,False,False,True,False,None,None
6B-PM-1017-01,33,786,17,-73.97730836163,40.77105359316,1,False,False,False,False,True,digging,None
32C-PM-1013-07,15,147,15,-73.96113009056,40.79187437357,7,False,False,False,True,True,None,None
28A-PM-1007-04,33,953,3,-73.96620636423,40.78907786653,4,False,False,False,False,False,looking at me & #5,freezes
42C-PM-1013-01,21,183,15,-73.95636629637,40.79919521019,1,False,False,False,False,True,None,None
32C-PM-1013-11,3,147,15,-73.96185915109,40.7921343738,11,False,False,False,False,True,None,None
34E-PM-1006-02,17,469,22,-73.95813265542,40.79180747431,2,False,False,False,True,False,None,None
7E-PM-1013-02,15,66,15,-73.97356555292,40.77160726815,2,True,False,False,True,True,None,None
33B-AM-1010-05,33,189,2,-73.96166936653,40.79297101963,5,False,False,False,False,True,None,None
36B-PM-1013-05,21,84,15,-73.95991976124,40.7954836456,5,True,False,False,False,False,None,None
1B-AM-1012-16,33,167,13,-73.98068055816,40.76815379665,16,False,False,False,True,False,None,None
8F-PM-1012-06,21,916,4,-73.97276986637,40.77143352852,6,False,False,False,False,True,None,None
32D-AM-1013-01,9,55,7,-73.96109851715,40.7913867117,1,False,False,True,False,False,None,None
32C-PM-1013-13,21,147,15,-73.96167703351,40.79216486311,13,False,False,False,False,True,buried nut,None
18I-AM-1017-01,27,917,20,-73.96364764672,40.77755569867,1,False,False,False,True,False,None,None
9A-AM-1013-10,24,53,7,-73.97652692821,40.77468766352,10,False,False,True,True,False,None,None
37H-AM-1018-04,33,693,16,-73.95349105628,40.79357744438,4,True,False,False,False,False,None,was with a lot of robins
32B-PM-1010-01,3,704,9,-73.96313500206,40.79190721033,1,False,False,True,False,False,None,None
8I-AM-1006-03,33,432,18,-73.96937724618,40.77068758929,3,False,False,False,False,True,None,None
14D-AM-1014-08,1,17,8,-73.97087829664,40.77694686696,8,False,False,False,False,True,None,None
20D-PM-1014-01,21,164,14,-73.96749306684,40.78135101197,1,False,False,False,True,True,None,None
33B-PM-1010-07,36,189,9,-73.96193439806,40.79247895485,7,False,False,False,True,False,None,None
32B-PM-1010-04,15,416,9,-73.96291847124,40.79214105116,4,False,False,False,False,True,None,None
7G-AM-1010-08,34,900,2,-73.97211249728,40.77027590374,8,False,False,False,False,True,None,None
7F-AM-1008-14,15,410,21,-73.97260908825,40.77101991088,14,False,False,False,False,False,sitting,None
2C-AM-1010-04,21,800,2,-73.9791648157,40.76762544435,4,False,False,True,False,False,None,None
15C-PM-1017-05,15,705,17,-73.97115821991,40.77836744095,5,True,False,False,False,True,None,None
38G-PM-1020-05,15,507,11,-73.95426842359,40.79442371641,5,False,True,False,False,False,None,None
38G-PM-1020-04,15,507,11,-73.95427708889,40.79436103669,4,False,True,False,False,False,None,None
6I-PM-1013-03,34,470,15,-73.97027172608,40.76895110776,3,False,False,False,True,False,None,None
17E-PM-1018-02,21,954,6,-73.96816273312,40.77850996656,2,True,False,False,False,False,None,None
39F-PM-1006-02,21,222,22,-73.95427337978,40.79557865374,2,False,False,False,False,False,None,ran up tree when approached
41F-PM-1019-02,14,567,12,-73.95283537022,40.79764561783,2,False,False,False,False,False,None,None
40C-PM-1006-01,21,295,22,-73.9567372201,40.79758098926,1,True,False,False,False,False,None,None
28B-PM-1010-02,33,844,9,-73.9653739274,40.7889762097,2,False,False,True,False,False,None,None
36F-AM-1017-03,15,14,20,-73.95647410382,40.79388455728,3,False,False,False,True,True,None,runs from (me)
7B-AM-1008-13,15,510,21,-73.97733615808,40.77294782267,13,True,False,False,False,False,None,None
7C-PM-1020-02,21,692,11,-73.97522635643,40.77208491702,2,False,False,False,False,True,None,None
22C-PM-1006-08,21,27,22,-73.96697626575,40.78359132936,8,False,False,True,False,False,None,None
1C-PM-1013-08,34,656,15,-73.97964704947,40.76783709255,8,False,False,False,False,True,None,None
2A-AM-1010-01,15,934,2,-73.98069592482,40.76848206795,1,False,False,False,True,True,None,None
38C-AM-1019-10,33,85,1,-73.95860770396,40.79618964771,10,True,False,True,True,False,None,None
32C-AM-1014-05,34,147,8,-73.96112748987,40.79152500691,5,False,False,False,True,True,None,None
15G-PM-1019-09,21,682,12,-73.96767327257,40.77631944255,9,False,False,False,True,False,None,None
3C-PM-1008-01,2,347,19,-73.9787608762,40.76860622965,1,False,False,False,False,False,walked between trees,None
36A-PM-1013-02,38,176,15,-73.96156497735,40.79547613115,2,False,False,False,False,True,None,None
7F-AM-1008-12,21,410,21,-73.97300857295,40.77089335703,12,False,False,False,False,True,None,None
9H-AM-1006-02,33,545,18,-73.96971605724,40.77114455704,2,False,False,False,False,True,None,None
12G-PM-1007-07,25,194,3,-73.9685709456,40.77448770265,7,False,False,False,True,False,acorns,None
37D-PM-1014-07,21,137,14,-73.95800210179,40.79551401022,7,False,False,False,False,True,None,None
17E-AM-1017-07,21,161,20,-73.96771467418,40.77882313323,7,False,True,False,False,False,None,None
35E-AM-1020-04,15,288,5,-73.9578658633,40.79337121889,4,False,False,False,False,False,"hunkered down,tail over body; sitting perfectly still",None
29A-PM-1019-03,41,79,12,-73.96480906982,40.79038820978,3,False,False,False,False,False,None,"ran from,but now approaching. kind of weirding me out."
19C-PM-1018-03,15,893,6,-73.96871341378,40.78122079134,3,False,True,False,False,False,None,None
39F-AM-1014-05,45,86,8,-73.95488263914,40.79594745713,5,True,False,True,False,True,None,None
13D-AM-1014-03,39,460,8,-73.97108015475,40.77608724521,3,False,True,True,True,False,None,None
16C-PM-1018-02,1,2,6,-73.97046770078,40.77868601083,2,False,True,False,True,True,None,None
18G-AM-1014-01,39,87,8,-73.96552337481,40.77927372877,1,False,False,True,False,False,None,looking
32E-AM-1007-14,21,471,10,-73.96028080424,40.79061307888,14,False,False,False,False,False,falling,None
14E-AM-1008-22,21,264,21,-73.97044287838,40.77637555604,22,False,False,False,True,True,burying,None
1E-AM-1006-05,15,472,18,-73.97734958071,40.76645599373,5,False,False,True,False,False,None,None
13G-PM-1008-04,15,706,19,-73.96812021469,40.77439794168,4,False,False,False,False,True,None,None
10C-AM-1018-01,21,348,16,-73.97450099062,40.77415740754,1,False,False,True,False,False,None,None
9B-PM-1013-05,39,417,15,-73.97616325867,40.77410856061,5,True,False,False,False,False,None,None
12F-PM-1007-08,15,12,3,-73.97006666549,40.77428570426,8,False,False,False,True,True,None,stared
37C-PM-1013-04,33,419,15,-73.95893715509,40.79598125045,4,False,False,False,False,True,None,None
6E-PM-1010-01,25,349,9,-73.97462048022,40.76992948407,1,False,False,False,False,False,None,None
15D-AM-1007-05,36,350,10,-73.97047785516,40.77831191136,5,False,False,False,False,False,None,None
5F-AM-1007-01,15,707,10,-73.97323016224,40.76898245314,1,True,False,False,True,False,None,None
37C-PM-1013-02,1,816,15,-73.95815446824,40.79580813064,2,False,False,False,False,True,None,None
38C-AM-1019-11,33,85,1,-73.95879132892,40.79617076245,11,True,False,True,True,False,None,None
1B-PM-1019-04,39,473,12,-73.98028400318,40.76785990698,4,False,True,False,False,False,None,None
39A-AM-1013-01,18,276,7,-73.95946763266,40.79844573634,1,True,False,False,True,True,None,None
1A-AM-1007-01,33,812,10,-73.98100322064,40.7681625635,1,False,False,True,False,False,None,None
41B-AM-1010-02,33,5,2,-73.95805130968,40.79909641532,2,False,True,False,False,False,None,None
16E-PM-1018-02,24,514,6,-73.96785613843,40.77828773978,2,False,True,False,False,False,None,gets distance from people but then continues to chase #1
11A-PM-1013-04,9,180,15,-73.9757313482,40.77547040514,4,True,False,False,True,True,None,None
2F-PM-1014-11,21,274,14,-73.9748289399,40.76688861219,11,False,True,False,False,False,None,None
17F-AM-1007-03,22,686,10,-73.96739240604,40.77887818517,3,True,False,False,False,False,None,None
3E-PM-1008-06,15,623,19,-73.97560175893,40.76803359965,6,False,False,False,True,True,None,None
20G-AM-1018-03,21,955,16,-73.96476051213,40.78039615315,3,True,False,False,False,False,None,None
25I-PM-1007-02,33,466,3,-73.95950222903,40.78311513301,2,False,False,False,False,True,None,None
35I-PM-1006-02,21,845,22,-73.95373561458,40.79172737735,2,False,False,True,True,False,None,None
24I-AM-1019-01,33,708,1,-73.96002043282,40.78287729136,1,False,False,False,True,False,None,None
14D-AM-1014-06,1,17,8,-73.97097222238,40.77673296463,6,False,False,False,False,True,None,None
27I-AM-1007-03,15,88,10,-73.95862528759,40.78520275862,3,False,False,True,False,True,None,None
17G-PM-1017-02,21,89,17,-73.96649864463,40.77830833432,2,True,False,True,False,False,None,None
2F-PM-1014-01,21,274,14,-73.97553219985,40.7668311576,1,True,False,False,False,False,None,None
14H-PM-1012-05,21,38,4,-73.96661135986,40.77526625503,5,False,False,False,True,False,None,approaches (someone was feeding it)
6I-AM-1006-01,15,709,18,-73.97065331311,40.76890203382,1,True,False,True,True,True,None,runs from (someone sneezed)
13E-PM-1008-01,33,7,19,-73.97080470944,40.77586111112,1,False,False,False,True,False,None,None
35C-AM-1007-01,10,474,10,-73.96019189307,40.79441346834,1,False,False,False,False,False,sitting still,None
33A-AM-1008-01,1,568,21,-73.96325778502,40.79311283902,1,False,False,False,False,True,None,acknowledged
42B-AM-1014-01,21,475,8,-73.95740774976,40.80011851849,1,False,False,True,False,False,None,None
5D-PM-1018-02,21,956,6,-73.97607497529,40.77032848944,2,False,False,False,True,False,None,None
34F-PM-1012-01,33,351,4,-73.95825344329,40.79177722968,1,False,False,False,False,True,None,None
2E-AM-1010-04,23,788,2,-73.97667795857,40.76696737781,4,False,False,False,True,False,None,None
3I-PM-1013-02,9,912,15,-73.97212798087,40.76611586639,2,False,False,False,False,True,None,None
7G-PM-1018-07,21,900,6,-73.97168547522,40.77066684659,7,False,False,False,False,True,None,None
9E-AM-1008-02,33,314,21,-73.97296451904,40.77233101508,2,False,False,False,True,False,None,None
10B-AM-1006-01,15,512,18,-73.97486692052,40.7743879232,1,True,False,False,False,False,None,None
23H-PM-1019-01,21,957,12,-73.96133564974,40.78188768678,1,True,False,False,False,False,None,None
35B-PM-1013-07,21,223,15,-73.96124195342,40.7941677113,7,True,False,True,True,False,"got fed twice by grandpa,grabbed from grass and ate in tree","approaches (grandpa with food),runs from (kid),kid was slowly creeping up on it; it eventually climbed up."
14B-PM-1014-03,15,810,14,-73.97285115315,40.77826548406,3,False,False,False,False,True,None,None
4D-AM-1012-02,15,13,13,-73.97638523724,40.76887624856,2,False,False,True,True,False,None,None
21A-AM-1019-09,21,817,1,-73.96961968401,40.78364310983,9,False,False,False,False,True,None,None
2D-AM-1007-05,21,643,10,-73.97752388478,40.76757926836,5,True,False,False,False,False,None,None
34C-PM-1012-03,15,710,4,-73.9601968065,40.79358318365,3,True,False,False,False,True,None,None
4C-PM-1010-03,9,542,9,-73.97728100737,40.76935775404,3,False,True,False,False,True,None,None
37E-AM-1013-04,1,846,7,-73.95611248921,40.79494406486,4,False,False,True,True,False,None,None
32F-PM-1008-04,21,395,19,-73.95808131193,40.7905538237,4,False,False,False,False,True,None,None
18H-AM-1018-02,15,711,16,-73.96453651955,40.77815310213,2,True,True,False,False,False,playing?,None
28B-AM-1007-01,15,352,10,-73.96419899146,40.78908104451,1,False,False,False,False,True,wresting w/ branch,None
40E-AM-1014-04,33,958,8,-73.95558560741,40.79694576857,4,True,False,False,False,False,hiding from bird,None
5D-PM-1018-06,21,145,6,-73.97538188299,40.76978409862,6,False,False,False,False,True,None,None
7H-AM-1006-02,15,530,18,-73.97156211346,40.76959187175,2,True,False,False,False,True,"running (along ground,up tree)",None
11E-PM-1012-05,33,427,4,-73.97142424265,40.77445357981,5,True,False,False,True,True,"foraging (foraged,ran to tree root,munched)",None
13F-AM-1007-04,9,843,10,-73.96977446628,40.7755950429,4,False,False,False,True,True,None,None
33I-PM-1006-04,21,652,22,-73.95450371934,40.79002250554,4,True,False,False,False,False,None,None
33G-AM-1013-03,49,324,7,-73.95638478673,40.79060122612,3,False,False,False,False,False,"peeking out of tree,did *not* come out",None
11E-PM-1012-04,33,427,4,-73.97143299793,40.77418733889,4,False,False,False,False,True,None,None
39D-PM-1012-03,33,952,4,-73.95692690934,40.79653232625,3,True,False,False,False,False,None,None
33F-PM-1012-04,1,758,4,-73.95840642038,40.79122724555,4,True,False,False,True,True,None,None
33A-PM-1018-04,15,568,6,-73.96300972764,40.79366584463,4,False,False,False,False,True,None,None
37H-PM-1006-06,15,450,22,-73.95320745731,40.79346694649,6,True,False,True,False,False,None,None
13C-PM-1019-03,33,146,12,-73.97202898637,40.77637495616,3,True,False,False,True,False,None,None
20F-PM-1007-05,39,325,3,-73.96511776577,40.78124081038,5,False,False,True,False,False,None,None
22B-AM-1013-05,15,847,7,-73.96846572855,40.78401135737,5,False,False,True,False,False,None,looked down on me like her imperial subject
29B-PM-1010-04,1,795,9,-73.96405889194,40.79004409846,4,False,False,False,True,True,None,None
7H-AM-1006-10,15,530,18,-73.9704831177,40.76998789957,10,True,False,False,False,False,None,None
7F-AM-1008-15,3,410,21,-73.97248065806,40.77100772061,15,True,False,False,False,False,None,None
30D-AM-1017-01,21,297,20,-73.96149024293,40.78912820176,1,False,False,False,False,True,None,None
13F-PM-1008-02,15,843,19,-73.96986119712,40.7753915552,2,False,False,False,True,True,None,None
33F-PM-1012-03,37,758,4,-73.95840641909,40.79129928524,3,False,False,False,True,True,None,None
3A-PM-1017-04,15,402,17,-73.98019714656,40.76970817498,4,False,False,False,False,True,None,None
14F-PM-1012-04,14,476,4,-73.96867781675,40.77656252569,4,False,False,False,False,False,None,None
7C-PM-1020-04,21,90,11,-73.9766094865,40.77178329225,4,False,False,True,False,False,None,None
37C-AM-1012-02,15,816,13,-73.95896353264,40.79517486738,2,False,False,False,False,True,caching,None
25A-AM-1013-01,11,396,7,-73.96763709852,40.78698886394,1,False,False,False,True,False,staring at me,None
10G-PM-1017-09,21,9,17,-73.97074984304,40.7723724481,9,False,True,False,False,False,None,None
34A-PM-1013-02,15,63,15,-73.96285255338,40.7938449345,2,False,False,True,True,True,eating upside down on tree trunk,None
38G-PM-1020-03,15,507,11,-73.95388671864,40.7941409434,3,True,False,False,False,False,None,None
36C-AM-1014-02,39,224,8,-73.95886101957,40.79452699366,2,False,False,False,True,True,None,None
33I-AM-1008-05,36,91,21,-73.95457735791,40.78986846357,5,False,False,True,False,True,None,nearly dropped shell on my head!
12E-AM-1017-07,15,16,20,-73.97167365574,40.77493334943,7,True,False,True,False,False,None,None
2C-PM-1013-12,33,47,15,-73.979108535,40.76770253426,12,False,False,False,False,True,None,None
33I-PM-1006-02,12,652,22,-73.95458077499,40.79005075376,2,False,False,False,False,True,None,None
15I-PM-1012-05,21,56,4,-73.96539465596,40.77631367917,5,True,False,True,False,True,burying the food on ground,look at us and continue hiding the food
15G-AM-1008-03,21,682,21,-73.96766927725,40.77647266889,3,False,True,False,False,False,None,None
12G-AM-1012-02,21,286,13,-73.96900726471,40.77377122675,2,False,False,False,False,True,None,None
42H-PM-1014-05,33,712,14,-73.95017625275,40.79755340861,5,True,True,False,False,False,None,None
14B-PM-1014-01,15,810,14,-73.97274056795,40.77826775545,1,False,False,False,False,True,None,None
12E-AM-1017-05,15,16,20,-73.97130702171,40.77537950148,5,False,False,False,True,False,None,None
2A-AM-1010-04,9,934,2,-73.98070785152,40.76833352926,4,False,False,False,True,True,None,None
22B-AM-1013-01,15,413,7,-73.96847906579,40.78388187179,1,False,False,False,False,True,None,"looked at me,standing on back feet"
39H-AM-1007-03,39,634,10,-73.95257524082,40.79549154176,3,False,False,False,True,True,None,None
5F-AM-1007-06,21,959,10,-73.97351371784,40.76910989529,6,False,False,False,True,False,None,None
32C-PM-1013-05,21,147,15,-73.961550051,40.79207992637,5,True,False,False,False,False,None,None
6G-PM-1020-03,21,278,11,-73.97222614956,40.76905420726,3,False,False,False,False,True,None,None
8B-AM-1007-06,33,649,10,-73.97650641691,40.77372114267,6,False,False,False,False,True,None,None
21H-AM-1017-01,15,68,20,-73.96252055382,40.78107850551,1,False,False,False,True,False,None,None
6C-AM-1007-01,33,558,10,-73.9769969548,40.77107112652,1,False,False,True,False,False,None,"curious,but wary"
36A-PM-1013-05,38,824,15,-73.96081673001,40.79543486883,5,False,False,False,False,True,None,None
13E-AM-1017-03,33,7,20,-73.9705254801,40.77636064943,3,False,False,False,True,True,None,acknowledges
11D-PM-1006-01,15,617,22,-73.97321932906,40.77487914477,1,False,False,True,False,False,None,None
17C-PM-1013-02,21,947,15,-73.9706586108,40.77963574445,2,False,False,False,True,False,None,None
5G-PM-1010-01,9,46,9,-73.9733461335,40.76843142852,1,False,False,False,True,True,None,None
14B-PM-1014-04,15,713,14,-73.97283397573,40.7782891208,4,False,False,False,False,False,None,None
11F-AM-1013-02,21,92,7,-73.96997995015,40.77365762862,2,False,False,True,False,False,None,None
13F-PM-1008-04,15,336,19,-73.96938943058,40.7756906748,4,False,False,False,False,False,None,None
39E-AM-1018-04,21,353,16,-73.95564500157,40.7967188058,4,False,True,False,False,False,None,None
16H-PM-1014-03,33,177,14,-73.9655670885,40.77637288906,3,True,False,False,False,False,None,followed man across bridge
7G-AM-1010-01,15,900,2,-73.97216425099,40.77011793901,1,True,False,False,False,False,None,None
5G-AM-1006-01,35,225,18,-73.97338823646,40.76830787066,1,False,False,True,False,False,None,made eye contact with me
28A-PM-1007-03,9,127,3,-73.96624099976,40.78910429354,3,False,True,False,True,True,chasing #2 took #2 food wrapper and is foraging through it,None
38G-PM-1020-08,1,507,11,-73.95480061617,40.7945503341,8,False,False,False,True,True,None,None
39G-PM-1013-02,15,397,15,-73.95303265773,40.79569223864,2,True,False,False,False,False,None,None
28D-AM-1012-03,12,187,13,-73.96253837953,40.78838623317,3,True,False,False,False,False,None,None
21A-AM-1019-07,21,848,1,-73.97004108519,40.78344275803,7,True,False,True,False,False,None,None
22G-AM-1018-04,15,226,16,-73.96322658326,40.78169144755,4,False,False,True,False,False,None,None
11D-PM-1006-05,1,929,22,-73.9717302773,40.77488054394,5,False,False,False,True,True,None,None
16F-PM-1013-06,15,714,15,-73.96802132695,40.77788076924,6,False,False,False,False,True,None,None
9E-AM-1008-01,15,314,21,-73.97239229041,40.7729164833,1,False,False,False,False,True,None,None
39G-PM-1013-03,15,354,15,-73.95389705545,40.79551967935,3,False,False,True,False,False,None,None
26A-PM-1006-01,10,538,22,-73.96731038815,40.78742674096,1,False,False,False,False,True,None,None
16A-PM-1019-06,3,914,12,-73.97259615083,40.7795720445,6,True,False,False,False,False,None,None
14B-PM-1014-02,15,810,14,-73.97271159154,40.77829293206,2,False,True,False,False,True,None,None
32C-PM-1013-01,21,147,15,-73.96209645765,40.79173320017,1,False,False,False,False,True,None,None
8H-PM-1014-08,21,128,14,-73.97021660515,40.77029606673,8,False,True,False,False,False,"chasing (#7),playing?",None
23A-AM-1018-02,48,960,16,-73.96901042451,40.78533581937,2,False,False,False,True,False,None,None
8I-AM-1006-04,33,432,18,-73.96924014211,40.77071288957,4,True,False,False,False,True,None,None
19C-PM-1018-06,15,477,6,-73.96893059788,40.78181524963,6,True,False,True,False,False,climbing (fence),None
21H-PM-1018-02,10,68,6,-73.96303814001,40.78075718273,2,False,True,False,False,False,None,None
3D-PM-1010-08,33,901,9,-73.97792631146,40.76826818554,8,True,False,False,False,True,None,None
39I-PM-1013-04,15,72,15,-73.95200246546,40.79473298282,4,False,False,False,True,False,playing,None
17D-AM-1008-01,33,547,21,-73.96952260237,40.77975277758,1,False,False,True,False,False,None,None
7H-PM-1006-06,21,884,22,-73.97039212714,40.77002761153,6,False,True,True,False,False,playing w/ #7,None
6E-PM-1010-02,22,701,9,-73.97461284513,40.77009570467,2,False,False,False,False,True,None,None
10A-PM-1014-03,29,849,14,-73.97672201797,40.77532621031,3,False,False,False,True,False,eating (in a tree),"indifferent (lots of people taking its picture,didn't bother it)"
10H-AM-1014-01,15,655,8,-73.96980835989,40.77200993929,1,False,False,False,False,True,None,None
20C-PM-1018-02,21,423,6,-73.96818740369,40.7817948691,2,True,True,False,False,False,None,None
40B-AM-1019-06,39,622,1,-73.9577109759,40.7984055614,6,False,False,False,False,True,None,None
13D-PM-1018-04,33,139,6,-73.97116179978,40.77612128781,4,False,False,False,False,True,digging,None
31D-PM-1006-03,15,546,22,-73.96087672805,40.79035724537,3,False,False,False,False,True,None,None
12E-PM-1018-03,34,16,6,-73.97139064928,40.77500613101,3,False,False,True,False,False,None,None
18I-PM-1007-07,15,917,3,-73.96421112831,40.77777139853,7,False,False,False,False,True,None,None
18F-PM-1008-01,33,355,19,-73.96692078091,40.77927678501,1,False,False,False,True,False,None,None
8B-AM-1007-08,21,320,10,-73.97642262492,40.77358183873,8,False,False,False,True,False,holding nut,None
33E-PM-1012-04,33,527,4,-73.95893903755,40.79131939312,4,False,False,False,False,True,playing,None
3B-AM-1010-03,10,11,2,-73.97900445065,40.76894694792,3,False,True,False,False,False,chasing #2,None
1D-AM-1006-01,39,299,18,-73.97779784979,40.76686207843,1,True,False,True,False,True,None,None
16D-PM-1010-10,21,149,9,-73.96986426689,40.77846693165,10,False,False,False,True,True,None,None
6A-PM-1012-03,22,805,4,-73.97851142913,40.77197795894,3,True,True,True,False,False,None,None
8I-PM-1013-02,1,432,15,-73.96956552314,40.76983246595,2,False,False,False,True,True,None,None
15E-AM-1013-03,21,356,7,-73.9690645326,40.77738221161,3,False,False,False,False,False,None,None
25I-PM-1007-06,14,93,3,-73.95974626121,40.78328011453,6,False,False,False,False,False,None,None
1D-AM-1006-06,23,299,18,-73.9784942526,40.76726000037,6,True,False,False,False,False,tumbling,None
3F-AM-1006-06,15,323,18,-73.97462382801,40.76714919628,6,False,False,False,False,True,None,None
7H-AM-1006-09,15,206,18,-73.97053318084,40.76999435713,9,False,False,False,False,True,None,None
22B-AM-1013-02,34,413,7,-73.96820039098,40.78370957695,2,False,False,False,False,True,climbed tree,None
32A-PM-1013-08,33,885,15,-73.96316486741,40.79265296174,8,False,False,False,False,True,None,None
27I-AM-1007-01,9,88,10,-73.9587072764,40.78502562194,1,False,False,True,True,False,None,None
31A-PM-1017-02,22,136,17,-73.96423978295,40.79189924066,2,False,False,False,True,False,None,None
8D-AM-1007-06,21,676,10,-73.97408468107,40.77281971396,6,True,False,False,False,False,None,None
15G-AM-1008-04,21,682,21,-73.9676270671,40.77639144315,4,False,True,False,False,False,None,None
15D-PM-1017-02,15,569,17,-73.97038161124,40.77738460659,2,False,False,True,False,True,None,None
1B-AM-1012-13,15,167,13,-73.98038953224,40.76807307899,13,True,False,False,False,True,None,None
14E-AM-1008-16,21,275,21,-73.96951333708,40.77650097969,16,False,False,True,True,True,None,None
4C-PM-1010-12,15,542,9,-73.97744073626,40.76980561296,12,True,False,False,False,True,None,None
11I-PM-1012-05,21,452,4,-73.96810798698,40.77234940813,5,True,False,True,False,True,None,None
7F-AM-1008-03,21,279,21,-73.97304782416,40.77008737912,3,False,False,True,False,False,None,None
28A-PM-1007-02,21,127,3,-73.96628648848,40.78910623383,2,True,False,False,False,False,running from #3,None
16F-PM-1013-05,15,570,15,-73.96731290103,40.7778169846,5,False,False,False,True,True,None,None
41E-PM-1013-03,2,669,15,-73.95401970796,40.79803926098,3,False,False,False,False,True,None,None
25I-PM-1007-04,21,227,3,-73.95956135488,40.78380575273,4,False,False,True,False,False,None,None
42C-PM-1013-05,21,357,15,-73.95618409358,40.79920378215,5,False,False,False,True,False,None,None
7H-AM-1006-13,21,884,18,-73.97031693739,40.77006588239,13,True,False,False,False,False,running (up tree),None
34A-AM-1012-02,1,228,13,-73.96199851876,40.79432777435,2,True,True,True,False,False,None,None
20F-PM-1007-08,22,635,3,-73.9653906237,40.78077313638,8,False,False,False,False,True,None,None
8E-AM-1013-02,15,528,7,-73.97352989433,40.77149399936,2,False,False,False,False,True,None,None
6B-AM-1012-01,15,358,13,-73.97683095561,40.77178037061,1,True,False,False,False,True,None,None
4C-PM-1010-07,33,542,9,-73.97750796729,40.76915003574,7,False,False,False,False,True,None,None
14C-PM-1006-01,15,229,22,-73.97157754108,40.7776249964,1,False,False,True,False,False,None,None
1B-PM-1019-08,33,167,12,-73.98040652542,40.76814811833,8,False,False,False,True,False,None,None
21A-AM-1019-04,40,817,1,-73.97010303935,40.78389530636,4,False,False,False,False,True,None,None
38C-PM-1014-05,1,762,14,-73.95813106025,40.7960214727,5,False,True,False,False,False,chasing (#4),None
36A-PM-1013-04,11,478,15,-73.96113123553,40.79501308639,4,False,False,False,False,False,sitting,None
14C-PM-1006-03,15,182,22,-73.97141500904,40.77749764239,3,False,False,False,True,False,None,None
2B-PM-1013-05,33,620,15,-73.98055177655,40.76830446932,5,True,False,True,False,False,climbing fence!,snuck into bike cart!
8I-AM-1006-01,33,432,18,-73.96932098519,40.77074500428,1,True,True,False,False,False,None,None
40C-PM-1006-02,21,295,22,-73.95670620234,40.7974828652,2,False,False,True,False,False,None,None
34B-PM-1007-01,33,571,3,-73.96103880592,40.79395293584,1,True,False,False,False,False,None,None
40B-AM-1019-04,23,622,1,-73.95762233901,40.79797466396,4,False,False,True,False,True,None,None
31H-PM-1008-05,1,504,19,-73.95755179124,40.78891582682,5,False,False,True,False,False,None,None
16F-AM-1008-02,1,939,21,-73.96765396887,40.77772299341,2,False,False,False,False,True,None,None
5B-PM-1013-05,21,700,15,-73.9778730763,40.77082725155,5,True,False,True,False,False,None,None
4E-AM-1020-02,1,522,5,-73.97546963122,40.76819164709,2,False,False,True,False,True,foraging (on the tree itself),None
22C-PM-1006-11,3,27,22,-73.96669451239,40.78399564932,11,False,False,True,False,False,None,None
4B-AM-1010-04,15,24,2,-73.97894014486,40.76973731415,4,False,False,False,True,True,None,None
7F-AM-1008-08,21,279,21,-73.97268284601,40.77057076948,8,False,False,True,False,False,playing w/ #9,None
5B-PM-1013-06,21,700,15,-73.97826033487,40.7705790258,6,True,False,True,False,False,None,None
2F-AM-1006-04,1,274,18,-73.9753093777,40.76666738976,4,True,False,False,False,False,None,None
42D-PM-1013-02,9,43,15,-73.95442782702,40.79878273165,2,False,True,False,False,True,"chasing (chased by #1),found a nut,buried it",None
7F-AM-1008-10,21,410,21,-73.97288367273,40.7708158506,10,True,False,False,False,False,None,None
42D-AM-1014-02,1,43,8,-73.95459292422,40.79869401687,2,False,False,False,True,True,None,None
14A-PM-1014-05,33,520,14,-73.97346444708,40.77827664869,5,True,False,False,False,False,None,None
14F-PM-1012-09,2,505,4,-73.96903623846,40.77671628244,9,False,False,False,True,True,None,None
32B-PM-1010-05,21,416,9,-73.96289327979,40.79231163964,5,True,False,False,False,True,None,None
6C-AM-1007-02,36,558,10,-73.9770508585,40.77107693013,2,False,False,True,False,False,pulling things off branches,None
39F-PM-1006-04,15,715,22,-73.95454255209,40.7956853416,4,False,False,True,False,False,climbing down,ran when saw me
18I-PM-1007-01,15,921,3,-73.96390249881,40.77769530658,1,False,False,True,True,True,hanging upside down,None
30E-AM-1008-03,21,716,21,-73.96070566115,40.78897861039,3,False,False,True,False,False,None,None
21E-AM-1017-03,21,359,20,-73.96552385398,40.78156339477,3,False,True,False,False,False,None,None
8C-AM-1007-01,21,572,10,-73.97460490885,40.77287768874,1,True,False,False,False,True,None,None
38A-AM-1019-02,21,783,1,-73.95992022335,40.79725999302,2,True,True,True,False,False,None,None
2A-AM-1010-07,15,934,2,-73.98067182584,40.7692776897,7,False,False,False,True,True,None,couldn't get near
38E-AM-1010-01,15,773,2,-73.95642156898,40.79575394441,1,False,False,False,False,True,None,None
21G-PM-1007-03,15,768,3,-73.96426660132,40.78103848674,3,False,False,False,False,True,None,None
3F-AM-1006-04,22,230,18,-73.97520295136,40.76717346674,4,False,False,False,False,True,None,None
2F-PM-1014-02,21,274,14,-73.9755836828,40.7670239328,2,False,False,False,False,True,None,None
8D-PM-1007-03,9,573,3,-73.97445553485,40.77284981064,3,False,False,False,False,True,None,None
22G-AM-1018-03,10,430,16,-73.96356061998,40.78220697062,3,False,False,False,True,False,None,None
8E-AM-1013-01,15,528,7,-73.97349693209,40.77227545999,1,False,False,False,True,False,None,None
35A-PM-1013-09,38,891,15,-73.96150901493,40.79451501739,9,False,False,False,True,True,None,None
8A-AM-1013-04,25,18,7,-73.9770119133,40.773294909,4,True,True,False,True,True,playing tag together,None
8D-AM-1007-05,21,328,10,-73.9737060044,40.7725660225,5,False,False,False,True,False,None,None
1I-PM-1012-02,47,94,4,-73.9736873018,40.76491066771,2,False,False,True,False,False,None,None
35A-PM-1013-04,21,850,15,-73.96175190953,40.79471790714,4,False,False,False,False,True,None,None
26I-PM-1010-03,29,831,9,-73.95943917591,40.78411569767,3,False,False,True,True,True,None,None
7H-AM-1006-01,15,530,18,-73.97136652496,40.7697178648,1,True,False,False,False,False,nut in mouth,None
7C-PM-1020-06,21,692,11,-73.97594280062,40.77150818173,6,False,True,False,False,False,None,None
16C-AM-1014-01,3,2,8,-73.97100254845,40.7792529489,1,False,False,True,False,False,None,None
36I-PM-1007-11,24,360,3,-73.95271967166,40.79236382683,11,False,False,True,False,False,None,me!
37B-AM-1018-02,21,28,16,-73.95923926925,40.79618699518,2,False,False,False,True,False,None,None
8C-AM-1007-02,21,20,10,-73.97470601437,40.77285281649,2,False,False,False,False,True,None,peeps out from behind tree at cooing tourists
2I-AM-1006-02,21,193,18,-73.9726459774,40.76563574337,2,False,False,False,False,True,None,None
41D-PM-1014-02,15,269,14,-73.95607317387,40.79803360186,2,True,False,False,False,False,None,None
7I-PM-1013-04,9,361,15,-73.97014086231,40.76955117185,4,True,False,False,True,False,None,None
10G-PM-1017-05,3,9,17,-73.96995131518,40.7722062991,5,False,False,False,True,True,None,None
7B-AM-1008-06,21,510,21,-73.9770628333,40.77285673649,6,False,False,False,False,True,None,None
14A-PM-1014-04,1,520,14,-73.97368005756,40.77830697358,4,False,True,False,False,False,chasing (#3),None
33G-AM-1013-01,34,144,7,-73.95646322394,40.7904807428,1,False,False,True,False,False,None,None
21E-PM-1012-01,21,231,4,-73.96531352771,40.78174340702,1,False,False,True,False,False,None,None
14D-PM-1019-15,21,17,12,-73.97088608795,40.77683766561,15,False,False,False,False,True,None,None
37I-AM-1010-02,21,282,2,-73.95305356248,40.79298091443,2,True,False,False,False,False,None,None
8E-PM-1008-06,33,803,19,-73.9734654671,40.77159887117,6,False,True,True,False,False,None,None
33B-PM-1010-08,3,961,9,-73.96196733171,40.7924176673,8,False,False,True,False,False,None,None
22C-PM-1006-13,3,148,22,-73.96697828327,40.78411667272,13,True,False,False,False,False,None,None
3B-PM-1007-08,3,11,3,-73.97955853385,40.76889589323,8,False,False,False,True,True,None,None
2C-PM-1013-07,33,362,15,-73.9790263372,40.76835137149,7,True,False,False,False,True,None,None
12G-PM-1007-02,43,363,3,-73.96934781269,40.77440980634,2,False,True,False,False,False,None,None
10A-AM-1006-01,22,232,18,-73.97624942397,40.77501753067,1,False,False,False,True,False,eating (a peanut),None
9B-PM-1013-09,3,417,15,-73.97633735105,40.77411689339,9,False,False,False,False,True,None,runs from (people)
42I-PM-1014-02,22,574,14,-73.94984217462,40.79693974242,2,True,False,False,False,False,None,None
21A-AM-1019-01,40,848,1,-73.96958810751,40.7842441292,1,False,False,True,False,False,None,"keeps to tree,drops down on side away from people"
6C-AM-1007-08,36,558,10,-73.9766342125,40.77154371471,8,False,False,True,False,False,dropping acorns,None
19B-PM-1018-04,1,902,6,-73.96957001272,40.78165015169,4,False,False,False,False,True,None,None
40D-PM-1013-07,15,629,15,-73.95573999278,40.7971563709,7,True,True,False,False,False,None,None
6C-PM-1020-03,21,837,11,-73.97682540587,40.77167579453,3,False,False,False,False,True,None,None
8D-AM-1007-03,21,676,10,-73.97360162297,40.77237813767,3,False,False,False,False,True,None,ran up tree when approached
8I-AM-1006-07,33,479,18,-73.96904988769,40.77000118188,7,False,False,True,False,True,None,None
4A-PM-1007-05,33,95,3,-73.9800499498,40.77021810996,5,False,False,False,False,True,None,None
5E-AM-1008-02,15,717,21,-73.97451930802,40.76912287944,2,True,False,False,False,True,None,None
38E-AM-1010-10,15,480,2,-73.95616002373,40.79531431967,10,False,False,False,False,False,chillin',runs from leaf blower
17D-AM-1008-04,33,547,21,-73.96967203626,40.77918515982,4,False,False,False,False,False,None,None
9E-AM-1008-03,15,314,21,-73.97291429122,40.77240911467,3,False,False,False,True,False,None,None
39B-PM-1014-04,21,644,14,-73.95839443534,40.79796898468,4,False,False,True,False,False,None,runs from (me—when i approached)
22F-PM-1014-07,21,1,14,-73.96494654769,40.78227083627,7,False,True,False,False,False,None,None
18H-PM-1014-01,33,311,14,-73.96459890036,40.77821574592,1,False,False,True,True,False,None,None
2G-PM-1007-02,15,204,3,-73.97469348107,40.76594318842,2,False,False,False,False,False,burying nut,None
14F-PM-1012-03,1,505,4,-73.96918212069,40.77632031643,3,False,False,False,True,True,None,None
9I-PM-1010-06,15,553,9,-73.96826887523,40.77119348355,6,False,False,False,False,True,None,None
22I-AM-1007-01,33,936,10,-73.96113995737,40.78113070603,1,False,False,False,False,True,None,None
29B-PM-1010-03,39,795,9,-73.9640989603,40.78992954393,3,False,False,False,True,True,None,None
11B-PM-1014-02,3,883,14,-73.97469408513,40.77609664882,2,False,True,False,False,False,None,None
32E-PM-1017-06,21,152,17,-73.95896986814,40.79065205204,6,False,False,False,True,True,None,None
2D-AM-1007-04,21,643,10,-73.97774976458,40.76773447092,4,False,False,True,False,False,None,None
37E-PM-1006-05,15,770,22,-73.95666869402,40.79492439796,5,False,False,False,False,True,None,None
37B-PM-1013-02,15,28,15,-73.95943326007,40.79606224453,2,False,False,False,True,True,None,None
30I-PM-1006-03,21,442,22,-73.95687265085,40.78787950813,3,False,False,False,False,True,None,up tree
33I-PM-1006-06,21,652,22,-73.95453991024,40.78986462677,6,True,False,False,False,False,None,None
18I-PM-1007-03,9,921,3,-73.96381672483,40.77764856794,3,False,False,True,False,False,None,stared at me
23F-PM-1013-03,1,559,15,-73.96381419238,40.78292253263,3,False,False,False,True,True,None,"indifferent (noticed me,busy eating,foraging)"
2F-PM-1014-05,21,274,14,-73.97592584073,40.76676227111,5,True,False,False,False,False,None,None
1C-PM-1013-01,2,656,15,-73.97908890081,40.76764027819,1,False,False,True,False,True,None,None
30B-AM-1007-08,21,292,10,-73.96378247566,40.79047371108,8,True,False,False,True,False,None,None
18E-PM-1006-01,39,718,22,-73.96788229833,40.78029609856,1,True,False,False,False,True,None,None
39A-PM-1014-03,1,96,14,-73.95933730938,40.7982428508,3,False,False,False,False,True,digging?,None
4E-PM-1008-07,15,906,19,-73.97547909646,40.76833638852,7,False,False,False,True,False,None,None
15G-PM-1019-07,36,404,12,-73.96775933447,40.77630543132,7,False,True,False,False,False,None,None
41E-PM-1013-01,33,441,15,-73.95470315493,40.79788675393,1,True,False,False,False,False,None,None
34C-PM-1012-04,21,710,4,-73.96052295327,40.79343593729,4,True,False,False,True,True,None,None
19B-PM-1018-02,28,902,6,-73.97037050087,40.78185861738,2,False,False,False,True,False,None,None
7E-AM-1006-05,21,575,18,-73.97326832944,40.77082965171,5,False,False,True,False,False,None,None
26I-AM-1010-02,21,220,2,-73.95937814274,40.78415199126,2,False,False,False,False,True,None,None
3H-PM-1014-06,21,54,14,-73.97301963429,40.7660224374,6,False,False,False,False,True,None,None
32D-AM-1013-05,15,55,7,-73.96040838914,40.79102841069,5,True,False,False,True,False,None,None
14E-AM-1008-12,21,275,21,-73.96945916677,40.7766518222,12,False,False,True,True,True,None,None
36E-PM-1012-02,21,576,4,-73.95686109434,40.79359595846,2,False,False,True,False,True,picking acorns off oak tree,None
31B-PM-1007-02,15,943,3,-73.96313921138,40.79146356358,2,False,True,True,False,False,chasing #1 and climbing tree w/ #1,None
19A-PM-1013-06,33,938,15,-73.97069687089,40.78214991358,6,False,False,False,False,True,None,None
27B-PM-1006-02,21,577,22,-73.96567579103,40.78873100585,2,False,True,False,False,True,None,None
15D-AM-1007-03,21,569,10,-73.97016347686,40.77786914332,3,False,False,True,True,False,None,None
4E-PM-1008-02,21,906,19,-73.97526995075,40.76880691841,2,False,False,False,False,True,None,None
37E-PM-1006-01,15,770,22,-73.95699850261,40.79481174281,1,False,False,False,True,True,None,None
21H-PM-1018-04,15,68,6,-73.96240528324,40.78096563483,4,False,False,False,False,True,None,None
9A-AM-1013-05,10,53,7,-73.9765417282,40.77409947353,5,False,True,False,True,False,None,None
15I-PM-1012-02,3,6,4,-73.96521566528,40.77613090822,2,True,False,False,False,True,None,None
36B-AM-1013-01,33,41,7,-73.96045242712,40.79566243287,1,False,False,False,True,False,None,None
35A-AM-1014-02,1,891,8,-73.96184864593,40.79463658108,2,False,False,False,True,False,None,None
4C-AM-1006-04,39,542,18,-73.97716968357,40.76970111005,4,False,False,False,True,True,None,None
34I-AM-1012-04,1,719,13,-73.95454386561,40.7902168635,4,False,False,False,False,True,None,None
4E-PM-1008-05,21,906,19,-73.97583679914,40.76915934285,5,False,False,False,False,True,None,None
3A-PM-1017-02,22,402,17,-73.98018995197,40.76957770093,2,False,False,False,False,True,None,None
4A-AM-1007-01,21,578,10,-73.97977158132,40.77062731511,1,False,False,False,False,True,None,None
9B-AM-1010-02,10,962,2,-73.97635427803,40.77365313036,2,False,False,True,False,True,None,froze
3G-AM-1008-03,21,339,21,-73.97457091091,40.76722256954,3,True,False,True,False,False,in tree,None
1B-AM-1012-02,9,167,13,-73.97974252625,40.76791202464,2,True,False,False,False,True,None,None
12E-AM-1017-02,33,16,20,-73.97149520928,40.77480632818,2,True,False,False,False,True,None,None
15F-PM-1010-04,21,720,9,-73.96826762377,40.77726535902,4,False,False,False,False,True,None,None
40D-AM-1013-02,15,629,7,-73.95542997099,40.79781686299,2,True,False,False,False,True,None,None
7F-PM-1012-02,15,410,4,-73.97258446585,40.77010928342,2,False,False,False,True,True,None,observes
32F-AM-1012-02,1,395,13,-73.95873307075,40.79076820096,2,False,False,False,False,False,curious about me,None
2B-AM-1010-05,15,620,2,-73.98025646853,40.76817590982,5,False,False,False,False,True,None,None
12A-AM-1008-01,21,422,21,-73.97479591435,40.77680781744,1,False,False,True,False,False,None,None
4A-AM-1007-02,21,578,10,-73.97954927245,40.77094974717,2,False,False,False,False,True,None,None
14I-PM-1018-04,9,97,6,-73.96574800661,40.77534654892,4,False,False,False,True,True,None,None
9I-AM-1014-08,15,553,8,-73.96864792772,40.77058153548,8,False,False,False,False,True,None,None
10H-PM-1007-01,33,851,3,-73.96924722996,40.77225921872,1,False,False,True,False,False,None,None
2C-PM-1013-05,33,47,15,-73.97878468802,40.76825459035,5,False,False,False,False,True,None,None
8B-AM-1007-04,21,320,10,-73.9765046109,40.77366741247,4,False,False,True,False,True,None,None
4A-PM-1007-04,33,578,3,-73.97961428483,40.77021178983,4,False,False,False,False,True,None,None
22A-PM-1017-02,3,160,17,-73.96928463266,40.78410490085,2,True,False,False,False,False,None,None
8A-PM-1014-02,3,668,14,-73.97671414073,40.77373132516,2,False,False,True,True,False,None,runs from (goes up a tree)
3E-PM-1008-09,21,364,19,-73.97563458677,40.76755405176,9,True,False,True,False,False,None,None
37I-AM-1010-05,15,282,2,-73.95241322957,40.79337775534,5,False,False,False,True,False,None,None
38E-PM-1014-05,15,963,14,-73.95636523032,40.7955127874,5,False,False,False,False,False,statue,None
10C-AM-1018-04,21,22,16,-73.97438735496,40.77454260514,4,True,False,False,False,False,None,None
20G-AM-1018-01,3,721,16,-73.96407416405,40.78072745814,1,False,False,False,False,False,sitting still on limb,None
12H-PM-1007-07,38,233,3,-73.96797558622,40.77356830443,7,False,False,False,False,True,None,humans
35B-AM-1010-03,15,223,2,-73.96111268136,40.79431130215,3,True,False,False,False,False,None,None
17I-AM-1014-01,2,98,8,-73.96397004344,40.777500305,1,True,False,True,True,False,None,None
41B-AM-1010-10,22,699,2,-73.95777581255,40.79938471648,10,True,False,False,False,False,None,None
8E-PM-1008-02,4,964,19,-73.97369955522,40.77227125186,2,True,False,True,False,False,None,None
17C-PM-1013-04,21,761,15,-73.97010234787,40.78035270619,4,False,False,False,True,False,None,None
33F-PM-1012-01,1,758,4,-73.95846615892,40.79120683808,1,False,False,False,True,True,None,None
8I-AM-1006-05,33,533,18,-73.96884380587,40.77030143257,5,False,False,True,False,False,None,None
32E-PM-1017-15,21,519,17,-73.96034711619,40.79060033117,15,False,False,False,False,True,None,None
15H-AM-1013-03,33,99,7,-73.96657637976,40.77613164,3,False,False,True,False,False,None,None
40D-AM-1013-03,15,629,7,-73.95571032754,40.79745107976,3,True,False,False,False,True,None,None
11A-PM-1013-02,9,180,15,-73.97568253383,40.77555425067,2,True,False,False,False,True,None,None
24A-PM-1007-03,21,433,3,-73.96848062502,40.78587762102,3,True,False,False,False,False,None,None
26I-AM-1010-01,21,220,2,-73.95940458854,40.78408868707,1,False,False,False,False,True,None,None
41D-AM-1014-04,21,269,8,-73.95610916867,40.79814630474,4,True,False,False,False,False,None,None
14B-PM-1014-07,15,810,14,-73.97334374497,40.77824015484,7,False,False,False,False,True,None,None
19F-PM-1017-05,15,659,17,-73.965213447,40.78034382788,5,True,True,True,False,False,None,None
6H-PM-1020-02,36,852,11,-73.97147981968,40.76952319496,2,False,False,True,False,False,None,runs from (me)
3F-AM-1006-13,39,323,18,-73.97550412768,40.76782138576,13,True,False,False,False,True,None,None
31E-PM-1006-08,15,965,22,-73.96015610645,40.79005139335,8,False,False,False,False,True,None,None
38C-AM-1019-05,33,762,1,-73.95812418702,40.79610575361,5,True,False,False,False,False,None,None
38C-AM-1019-03,39,762,1,-73.95762195709,40.79633512257,3,False,False,False,False,True,None,None
32E-AM-1007-12,21,519,10,-73.95970725338,40.79055818538,12,False,True,False,False,False,None,None
40B-PM-1014-08,15,622,14,-73.95753079704,40.79831764195,8,False,False,False,False,True,None,None
2E-AM-1010-05,10,828,2,-73.97691068382,40.76744148707,5,False,False,True,False,False,None,None
3D-PM-1010-05,34,901,9,-73.97682863496,40.76870128271,5,True,False,False,False,True,None,None
41F-PM-1019-01,14,567,12,-73.95348783165,40.79789519817,1,False,False,False,False,False,None,None
16E-AM-1014-07,21,464,8,-73.96890416001,40.77817889662,7,True,False,False,False,False,None,runs from (dog)
2I-AM-1006-01,21,193,18,-73.97275776557,40.76542855101,1,True,False,False,True,False,None,None
36C-AM-1014-04,11,100,8,-73.95871909996,40.79475877266,4,True,False,True,True,False,None,None
3D-PM-1010-14,10,950,9,-73.9773696455,40.76872418667,14,False,False,False,False,False,crying out,None
6G-AM-1008-06,1,722,21,-73.97210860694,40.76981721904,6,False,False,False,False,True,None,None
7F-AM-1008-06,21,365,21,-73.97281709808,40.77035578304,6,False,False,False,False,False,sitting,None
2F-PM-1014-07,21,274,14,-73.97506880833,40.7665584681,7,False,False,False,True,False,None,None
14F-PM-1012-08,2,505,4,-73.9690540696,40.77660141246,8,True,True,False,True,True,None,None
22C-PM-1006-12,21,148,22,-73.96689094819,40.7841298584,12,False,False,False,True,False,None,human friendly
38I-PM-1014-03,2,190,14,-73.95196524793,40.79381676281,3,False,False,False,True,False,None,None
34G-PM-1006-02,21,723,22,-73.95623508203,40.7913464148,2,False,False,True,True,True,eating bread it found on ground,None
12E-AM-1017-06,10,661,20,-73.97117513568,40.77524227582,6,False,False,False,True,True,None,None
19D-PM-1008-02,14,366,19,-73.96855981061,40.78070548681,2,False,False,False,False,False,None,None
9H-AM-1006-03,33,545,18,-73.96955603769,40.77088351035,3,False,False,False,False,True,None,None
30A-PM-1020-04,1,212,11,-73.96409456094,40.79105130414,4,True,False,False,True,False,None,None
34C-PM-1012-02,15,710,4,-73.96005650463,40.7934048503,2,True,False,False,False,True,None,None
38F-PM-1013-02,10,769,15,-73.95491338724,40.79468710369,2,False,False,False,False,True,None,None
4G-AM-1006-05,39,101,18,-73.97300010805,40.7678719219,5,False,False,True,False,False,climbing (tree),indifferent—was in front of my face (we were on a bridge)!
13A-AM-1017-05,33,481,20,-73.97483187775,40.77718213781,5,False,False,False,False,True,None,None
34H-PM-1006-02,43,827,22,-73.95506274474,40.79101047003,2,False,False,False,False,True,None,None
14D-AM-1014-13,1,918,8,-73.97094074565,40.77642352209,13,False,False,False,False,True,None,None
13D-PM-1018-11,33,460,6,-73.97203653277,40.7762329714,11,False,False,True,True,False,None,None
8I-AM-1006-10,1,367,18,-73.96855670754,40.77037977231,10,False,False,True,False,False,None,None
32E-PM-1017-12,21,519,17,-73.9596271143,40.79066123137,12,False,False,False,True,True,None,None
10D-AM-1008-04,3,327,21,-73.97305925481,40.77408792515,4,False,True,True,False,False,None,None
13D-AM-1014-07,1,139,8,-73.97109071758,40.77637391082,7,False,False,False,False,True,None,None
13E-AM-1017-06,21,7,20,-73.97057045275,40.77628530122,6,True,False,False,False,False,None,None
2E-AM-1010-07,1,788,2,-73.97715752493,40.76738737165,7,False,False,False,False,True,None,None
10B-AM-1006-04,21,512,18,-73.97579123505,40.77475986215,4,True,False,False,False,False,None,None
11I-PM-1012-01,21,802,4,-73.96800435234,40.77266692783,1,True,False,False,True,True,None,look at humans determining
8B-AM-1007-03,21,320,10,-73.97653553956,40.77356532374,3,False,False,True,False,False,None,None
7I-PM-1013-07,1,482,15,-73.96971780963,40.76970366963,7,False,True,False,False,False,"playing,interacting with #6",None
31I-PM-1019-03,15,51,12,-73.95581809529,40.78868105059,3,False,False,False,False,True,None,None
4B-AM-1010-05,9,175,2,-73.97884414197,40.76960460744,5,False,True,False,False,False,chasing squirrel #6,None
14D-AM-1014-05,1,17,8,-73.97096249839,40.77668990409,5,False,False,False,False,True,None,None
40B-AM-1019-01,33,622,1,-73.95870723735,40.79852095799,1,False,False,False,False,True,None,None
8E-PM-1008-04,33,102,19,-73.97364180857,40.77169311277,4,False,False,False,True,True,None,there's a family playing soccer
33E-AM-1014-06,33,527,8,-73.95880768047,40.79129426073,6,False,False,True,False,False,None,None
1A-AM-1007-02,33,812,10,-73.98077710643,40.76816357263,2,False,False,True,False,False,None,None
15F-PM-1010-02,21,889,9,-73.96866220097,40.77672943805,2,False,False,False,False,True,None,None
33E-PM-1012-06,33,527,4,-73.95903285271,40.79122144176,6,False,False,False,False,False,playing,None
22D-PM-1012-02,31,414,4,-73.96575046436,40.78312108136,2,False,False,False,False,True,None,None
40B-PM-1014-02,21,234,14,-73.95813662149,40.79889640927,2,False,False,True,False,False,None,None
20B-AM-1007-02,9,394,10,-73.9698870647,40.78265109855,2,False,False,False,False,True,None,None
15E-AM-1013-04,15,760,7,-73.96901686738,40.77776120439,4,False,False,False,False,True,None,None
35E-AM-1020-01,1,409,5,-73.95795062634,40.7936973556,1,False,False,False,False,True,None,None
3B-AM-1010-04,3,11,2,-73.97880881654,40.76901530259,4,False,False,False,False,True,None,None
32E-PM-1017-05,21,152,17,-73.95900740249,40.79070594247,5,False,False,False,True,True,None,None
7H-AM-1006-16,15,530,18,-73.97069882264,40.76966845669,16,False,False,False,False,True,None,None
7G-AM-1010-07,33,900,2,-73.97223594012,40.77028914746,7,False,False,False,True,False,None,None
31E-PM-1006-06,15,965,22,-73.96032682553,40.79001545051,6,False,True,False,False,False,None,None
17B-AM-1010-02,9,200,2,-73.97101875053,40.77972656667,2,False,False,False,False,True,None,None
8H-PM-1014-07,21,128,14,-73.97030764508,40.77015842263,7,False,True,False,False,False,"chasing (#8),playing?",None
41C-AM-1017-01,21,683,20,-73.95686356338,40.79864188511,1,False,False,False,False,True,None,None
7H-AM-1006-03,21,483,18,-73.97113789057,40.76962183463,3,False,False,False,False,True,None,None
33I-PM-1006-08,21,91,22,-73.95463374469,40.78987725796,8,False,False,True,False,False,None,None
17E-AM-1017-08,21,161,20,-73.96763140685,40.77880304069,8,False,True,False,False,False,None,None
4C-PM-1010-14,24,542,9,-73.97750992909,40.76976090631,14,True,True,False,False,False,chasing #15,None
32C-PM-1013-04,3,688,15,-73.96128545061,40.79208306736,4,True,False,True,False,False,None,None
33B-PM-1010-03,21,189,9,-73.9617250054,40.7925390432,3,False,False,False,False,False,None,None
31C-PM-1010-01,33,566,9,-73.96242097997,40.79102009728,1,False,False,True,False,False,None,None
9G-PM-1007-04,33,636,3,-73.97075421899,40.77170329869,4,False,False,False,True,False,None,None
4C-PM-1010-16,33,542,9,-73.97797608744,40.76982309366,16,False,False,False,True,True,None,None
18D-AM-1018-04,21,103,16,-73.96829651977,40.78053789639,4,False,False,True,False,True,None,None
2G-AM-1010-03,21,204,2,-73.97469658949,40.76643517243,3,False,False,False,True,False,None,None
40H-AM-1017-01,15,853,20,-73.95180081496,40.79537380936,1,False,False,False,False,True,None,None
11B-PM-1014-03,43,883,14,-73.97468775193,40.77614028081,3,False,True,False,False,False,None,None
21B-PM-1017-03,13,104,17,-73.96931599347,40.78312123383,3,False,True,False,False,False,None,None
28D-PM-1019-02,12,792,12,-73.96251649465,40.78847689899,2,False,False,False,False,True,None,None
9D-AM-1008-03,21,178,21,-73.97390388322,40.77303548906,3,False,False,False,False,True,None,None
39D-AM-1008-01,21,952,21,-73.95620685376,40.79673328532,1,False,True,False,False,False,None,None
8C-PM-1013-03,39,20,15,-73.97510567148,40.77320600352,3,False,False,False,True,False,None,None
9G-PM-1007-01,21,776,3,-73.9710288101,40.771577711,1,False,False,True,False,False,climbing (down tree),None
15H-PM-1008-05,21,724,19,-73.96559255274,40.77600491711,5,False,False,False,False,True,None,None
1I-PM-1012-01,47,235,4,-73.97332225313,40.76499753715,1,True,False,False,False,False,None,None
30B-AM-1007-11,21,25,10,-73.9635412641,40.79025293546,11,False,False,False,True,False,None,None
1B-AM-1012-15,21,105,13,-73.98063779676,40.76810971683,15,False,False,True,True,False,None,None
37H-PM-1006-05,14,450,22,-73.95328046501,40.79345793333,5,False,False,False,False,False,None,None
15F-AM-1007-07,27,889,10,-73.96859402621,40.77693210201,7,False,False,False,False,True,None,None
24A-AM-1014-02,15,433,8,-73.96820620127,40.78649843619,2,True,False,False,False,False,None,None
28D-AM-1012-05,48,187,13,-73.9626560807,40.78846330499,5,False,False,True,False,False,None,None
19F-PM-1017-07,9,659,17,-73.96533111366,40.78019349034,7,False,False,False,True,False,None,None
1D-PM-1007-02,1,299,3,-73.97822839218,40.76679326021,2,False,True,False,False,False,None,None
36B-PM-1013-01,1,41,15,-73.96040944813,40.79514514788,1,False,False,False,False,True,None,None
3B-AM-1010-05,33,11,2,-73.97884363684,40.7691104999,5,False,False,False,False,True,None,None
8B-PM-1012-09,15,725,4,-73.97580936252,40.77347027378,9,True,False,True,False,False,None,None
22H-PM-1007-03,33,966,3,-73.96236214125,40.7814673556,3,False,False,True,False,True,None,None
2C-PM-1013-10,33,47,15,-73.97921614692,40.76792854363,10,False,False,False,False,False,None,None
4I-AM-1006-02,15,675,18,-73.97212103729,40.76679714761,2,False,False,False,True,True,None,None
35A-PM-1013-05,21,106,15,-73.96180763594,40.79478087182,5,False,False,True,False,False,None,None
2B-AM-1010-08,18,620,2,-73.97918261971,40.76857784475,8,False,False,False,True,True,None,None
4B-PM-1018-05,21,24,6,-73.97829402311,40.76942360972,5,False,False,False,True,False,None,None
15B-PM-1017-01,43,107,17,-73.97287975314,40.77867331487,1,False,False,True,False,True,None,None
5F-AM-1007-03,15,131,10,-73.97420107261,40.76915016993,3,False,False,False,False,True,None,None
12H-PM-1007-06,15,967,3,-73.96811468302,40.77367722794,6,False,False,False,False,True,None,None
2E-PM-1014-03,33,788,14,-73.97671001013,40.7675779952,3,False,False,False,False,False,None,None
3E-AM-1006-07,15,623,18,-73.97555625268,40.76788210295,7,False,False,False,False,False,burying nuts,None
6C-AM-1007-07,15,837,10,-73.97648512318,40.77157368629,7,False,False,True,False,False,ambling,trucks
19D-PM-1008-03,1,484,19,-73.9682830511,40.78101510873,3,False,False,False,True,False,None,None
12G-PM-1007-01,43,363,3,-73.96943449563,40.77428692769,1,False,True,False,False,False,None,None
39E-PM-1013-01,15,353,15,-73.95581188871,40.79688571344,1,False,False,False,False,True,None,None
30B-PM-1019-01,1,25,12,-73.96360276644,40.79007596659,1,True,False,False,True,True,None,None
9C-AM-1006-01,21,726,18,-73.97452041691,40.77362828685,1,True,False,False,False,False,None,None
15C-PM-1017-04,15,705,17,-73.97122650228,40.77837909912,4,False,False,False,True,True,None,None
17A-PM-1013-01,21,236,15,-73.97182482735,40.780199897,1,False,False,False,False,True,crossing path,None
37G-AM-1014-06,33,526,8,-73.95421186148,40.79391713955,6,False,False,False,False,True,None,None
5E-PM-1012-06,2,237,4,-73.97483673444,40.7693513,6,True,False,False,False,False,None,None
32C-PM-1013-02,21,147,15,-73.96139989679,40.79124372357,2,False,True,False,False,False,None,None
38E-PM-1014-02,33,773,14,-73.95575430068,40.79568139974,2,False,False,False,False,True,None,None
14I-PM-1018-03,40,794,6,-73.96573273328,40.7747554569,3,False,False,True,False,False,None,None
36I-PM-1007-12,10,360,3,-73.95274305102,40.79248079506,12,False,False,False,False,True,None,None
14A-PM-1014-03,1,520,14,-73.97359899155,40.7783020017,3,False,True,False,False,False,chasing (#4),None
38I-AM-1019-01,15,190,1,-73.95244907791,40.79360032195,1,True,False,False,False,False,None,None
4E-PM-1008-06,15,539,19,-73.97612239193,40.76859982759,6,False,False,False,True,True,None,None
15D-AM-1007-02,21,633,10,-73.97019267363,40.77785876874,2,True,False,False,False,False,None,None
38E-AM-1010-08,15,773,2,-73.95623628168,40.7950457219,8,False,False,False,False,True,None,None
13H-PM-1010-04,21,784,9,-73.9674984567,40.77459382687,4,False,False,False,True,False,None,None
34I-PM-1010-04,21,368,9,-73.95416014691,40.79078327447,4,True,False,True,False,False,grooming,None
39D-AM-1008-05,21,952,21,-73.95681084651,40.79717270261,5,False,False,False,False,False,None,None
3H-PM-1014-02,15,54,14,-73.97338984873,40.76669751315,2,True,False,False,False,False,None,None
38B-AM-1019-02,23,273,1,-73.95941746056,40.79731286538,2,False,False,False,True,True,None,None
41C-AM-1017-06,21,653,20,-73.95680691399,40.79877369009,6,False,False,True,False,False,None,None
41A-PM-1007-02,12,927,3,-73.95861842329,40.79931538329,2,False,False,True,False,False,jumping,stared at me
17F-PM-1020-05,21,686,11,-73.96739190758,40.77868457692,5,True,False,False,False,False,None,None
20C-PM-1018-07,13,423,6,-73.96793197583,40.78211548024,7,True,False,False,False,False,None,None
5A-PM-1010-03,21,73,9,-73.97877230828,40.7713655754,3,False,False,True,False,False,None,None
3F-AM-1006-05,9,727,18,-73.97496415759,40.76733050563,5,False,False,True,True,False,None,None
1G-AM-1006-03,4,728,18,-73.9745908988,40.76551915123,3,False,True,False,False,True,None,None
14D-PM-1019-09,15,17,12,-73.97081083123,40.77739757761,9,True,False,False,False,False,None,None
6I-PM-1013-01,35,506,15,-73.96997808573,40.76887060469,1,True,False,False,False,False,None,None
38F-AM-1018-02,1,769,16,-73.95469965964,40.79513088569,2,True,False,False,False,False,None,None
10C-PM-1013-01,15,22,15,-73.97399807737,40.77390291339,1,False,False,False,False,True,None,None
10F-PM-1019-07,15,579,12,-73.97107389601,40.77232658105,7,False,False,True,False,False,None,None
7G-PM-1018-01,1,900,6,-73.97212630505,40.76987638462,1,False,False,False,True,False,None,None
8B-AM-1007-02,21,320,10,-73.97643140914,40.7736458058,2,False,False,True,False,False,None,None
40G-PM-1013-05,21,36,15,-73.95292248024,40.79618957636,5,True,False,False,False,False,None,runs from (to the tree)
10I-AM-1010-04,33,158,2,-73.96802372096,40.77170222082,4,False,False,False,False,True,None,None
16D-PM-1010-12,21,149,9,-73.97033141624,40.77858477614,12,False,False,False,True,True,None,None
16D-PM-1010-11,21,149,9,-73.97013798061,40.77852348124,11,False,False,False,False,True,None,None
13G-PM-1008-02,3,369,19,-73.96840584769,40.77539598338,2,False,False,True,False,True,None,None
14E-AM-1008-14,21,264,21,-73.96919687485,40.77658629962,14,True,False,False,False,False,None,None
12F-PM-1007-13,15,12,3,-73.97000666591,40.77440288202,13,False,False,False,True,True,None,None
21B-AM-1019-03,10,931,1,-73.9689227468,40.78375416075,3,False,False,False,False,True,None,None
40A-PM-1014-02,21,806,14,-73.95883455469,40.7991830272,2,True,False,False,False,False,None,runs from (ran from base of tree into bushes)
4C-PM-1010-02,9,542,9,-73.97720701223,40.76943433525,2,True,False,False,False,True,None,None
12F-PM-1007-06,1,12,3,-73.96998765017,40.77424826768,6,True,True,False,False,True,None,None
36I-AM-1017-01,33,501,20,-73.95289376605,40.79229190745,1,True,False,False,True,True,None,runs from (me!)—from a pretty big distance
21A-AM-1019-03,21,238,1,-73.96980649011,40.78425381158,3,False,True,False,False,False,None,None
3D-PM-1010-11,33,901,9,-73.97746308219,40.76806266741,11,True,False,False,False,True,None,None
31F-PM-1007-03,33,280,3,-73.95887144133,40.78957871154,3,False,False,False,False,True,None,None
2B-PM-1013-09,33,854,15,-73.9797112925,40.76880467785,9,True,False,False,False,False,None,None
21B-PM-1017-02,13,104,17,-73.96935046174,40.78306787094,2,False,True,False,False,False,None,stood on hind legs with front legs on the chest
29D-AM-1014-02,21,370,8,-73.96278191127,40.78868773604,2,False,False,False,False,True,None,None
29C-PM-1006-01,15,266,22,-73.96328661428,40.78900432944,1,False,False,True,False,True,None,not too shy
29C-AM-1007-04,15,266,10,-73.96374408471,40.78914274194,4,False,False,False,False,True,None,None
33I-PM-1006-03,21,652,22,-73.95453837192,40.78997112638,3,False,False,False,False,True,None,None
2F-AM-1006-02,15,941,18,-73.97562782402,40.76695237014,2,False,False,True,False,False,None,None
35C-PM-1013-07,21,129,15,-73.96021977629,40.793685057,7,False,False,False,False,True,None,None
5E-AM-1008-05,15,855,21,-73.97437951901,40.7692030411,5,False,False,False,False,True,None,None
37G-AM-1014-01,33,26,8,-73.95423325052,40.79334751714,1,False,False,True,False,False,None,None
41A-PM-1007-04,21,927,3,-73.95813898706,40.79930811225,4,True,False,True,False,False,laid down on the branch,None
37G-PM-1007-02,21,239,3,-73.95443722977,40.79421131641,2,False,False,False,False,False,None,None
5H-AM-1007-01,15,580,10,-73.97256692102,40.7681496989,1,False,False,False,False,True,None,None
20F-PM-1007-14,33,635,3,-73.96460230532,40.7810680044,14,False,False,False,True,False,None,None
13A-PM-1014-01,21,481,14,-73.9744279649,40.77777606122,1,False,False,False,False,False,None,None
37H-PM-1006-03,14,450,22,-73.95330859326,40.79348778611,3,False,False,True,False,False,None,None
36A-PM-1013-03,45,698,15,-73.96169725573,40.79538728294,3,True,False,False,False,False,None,None
35D-PM-1013-02,33,341,15,-73.95848243617,40.7934247634,2,False,False,True,False,False,None,None
16D-PM-1010-02,21,149,9,-73.9697569656,40.77864550917,2,False,False,False,True,True,None,None
13H-AM-1013-01,33,240,7,-73.96752688774,40.77504096817,1,False,False,True,False,False,None,None
18F-AM-1014-02,21,729,8,-73.96679115652,40.7793219011,2,False,False,False,True,True,None,None
41C-AM-1017-03,33,683,20,-73.95655494853,40.7989823715,3,False,False,False,False,True,None,None
35H-AM-1013-01,9,856,7,-73.95401518288,40.79200661706,1,False,False,True,False,False,None,None
17D-AM-1008-05,3,730,21,-73.96964456141,40.77914862036,5,False,False,True,False,False,None,None
13E-AM-1017-01,21,581,20,-73.97047902632,40.77622706457,1,False,False,False,False,True,None,None
33A-PM-1018-01,21,568,6,-73.96249054313,40.79353890388,1,False,False,False,False,True,None,stopped to see what i would do 1st
21B-AM-1019-06,3,104,1,-73.96904474633,40.78391330453,6,False,False,True,True,False,None,None
11B-AM-1007-05,21,765,10,-73.97432920664,40.77560904041,5,False,False,False,True,True,None,None
39G-PM-1013-01,15,397,15,-73.95302574017,40.79513974074,1,True,False,False,False,False,None,None
15E-PM-1008-11,21,760,19,-73.96929258159,40.7774506065,11,False,False,False,True,True,None,None
5E-PM-1012-05,2,764,4,-73.97471754195,40.76928200309,5,True,False,False,False,True,None,begging
5F-PM-1007-06,15,131,3,-73.97384100698,40.76916861565,6,False,False,False,False,False,jumping on fence,None
35C-AM-1007-02,15,268,10,-73.96053622688,40.79394705993,2,False,False,True,False,False,None,None
30B-PM-1019-05,1,25,12,-73.96430161168,40.79047962161,5,False,False,False,True,True,hiding a nut,None
34I-PM-1010-02,21,525,9,-73.95484316016,40.79063462716,2,False,False,True,False,False,None,None
10I-PM-1013-01,1,158,15,-73.96818104667,40.77206384494,1,True,False,False,False,False,None,None
20G-PM-1013-02,1,582,15,-73.96449741968,40.78100202926,2,False,False,False,False,True,None,None
4A-PM-1007-02,1,578,3,-73.97948405207,40.77095953698,2,True,False,False,False,False,None,None
30E-AM-1008-02,21,716,21,-73.96065593099,40.78895276298,2,False,True,False,False,False,None,None
2A-PM-1019-02,33,934,12,-73.98089749771,40.76905787098,2,True,False,False,False,False,None,None
18D-AM-1018-01,21,162,16,-73.96841872074,40.78059278988,1,False,False,False,False,True,cleaning,None
9H-PM-1018-07,21,583,6,-73.96931200901,40.77109610201,7,False,False,False,False,True,None,None
17B-PM-1012-02,12,200,4,-73.97077370738,40.78003734658,2,True,True,False,False,True,2/3 chasing each other,None
6F-PM-1008-02,15,143,19,-73.97301589137,40.77013107073,2,True,True,False,False,False,chasing #2,None
41E-PM-1013-04,22,441,15,-73.95366471583,40.79812563932,4,True,False,False,False,True,None,None
15I-PM-1012-04,21,6,4,-73.9647318357,40.77609361753,4,True,False,True,False,True,None,None
20F-PM-1007-06,10,635,3,-73.96515918614,40.78118382886,6,False,False,False,True,False,None,None
29D-AM-1014-06,21,370,8,-73.96228591179,40.7886169187,6,False,False,False,False,True,None,None
9F-PM-1014-01,15,631,14,-73.9719359644,40.77269988558,1,False,False,False,True,False,None,"he is fed every day by a woman who calls him ""chiquita""! he ran right up to her."
8C-PM-1013-06,46,20,15,-73.97509119965,40.77224452102,6,False,False,False,True,False,None,None
20G-PM-1013-03,29,582,15,-73.96472472541,40.78061365658,3,False,False,False,True,True,None,None
13F-AM-1007-03,15,843,10,-73.96990888812,40.77527783516,3,True,False,False,False,False,None,None
14F-AM-1007-04,29,505,10,-73.96890514731,40.77645112829,4,True,False,False,False,False,None,None
33A-PM-1018-02,15,584,6,-73.96314646938,40.79341565675,2,False,False,False,False,False,"hanging out,watching world",watching
36C-PM-1013-02,21,685,15,-73.95918804001,40.79500712528,2,False,True,False,True,True,None,None
35G-AM-1007-02,33,58,10,-73.95583703098,40.79219772085,2,False,False,True,False,False,None,None
38D-PM-1006-02,15,907,22,-73.95713875979,40.79559260351,2,False,False,False,False,True,None,None
7A-PM-1007-01,21,697,3,-73.97724207345,40.77300251914,1,False,False,True,False,False,None,None
4E-PM-1008-01,15,906,19,-73.97532916168,40.76873760329,1,True,False,False,True,True,None,None
4C-PM-1010-01,15,857,9,-73.97709208608,40.76946980401,1,False,False,True,False,False,None,None
38C-AM-1019-09,33,585,1,-73.95865705469,40.79634941748,9,False,False,False,True,True,None,None
37D-AM-1018-02,39,137,16,-73.95796899966,40.79493384899,2,False,False,False,False,True,None,None
33B-AM-1010-03,12,189,2,-73.96127592914,40.79304683232,3,False,False,False,False,True,None,None
22B-PM-1014-01,10,413,14,-73.9686635018,40.78431767328,1,False,False,False,False,True,None,None
6G-AM-1008-03,33,722,21,-73.97215406998,40.76901280097,3,False,False,False,True,True,None,None
10D-PM-1008-01,9,687,19,-73.97299791747,40.77429043567,1,False,False,False,False,True,None,None
6A-AM-1006-01,33,805,18,-73.97841448676,40.77181776675,1,False,False,True,True,True,None,None
13B-PM-1008-02,33,108,19,-73.97392492099,40.77685283869,2,True,False,True,False,False,None,None
40G-PM-1013-03,3,36,15,-73.95307916225,40.7959885604,3,True,False,False,False,False,None,None
40B-AM-1019-07,33,622,1,-73.95824770643,40.79890791368,7,False,False,False,False,True,None,None
41B-PM-1014-03,33,5,14,-73.95736925422,40.79892529083,3,False,False,True,False,False,None,None
40C-AM-1017-03,33,731,20,-73.95713879488,40.79853898227,3,True,True,True,False,False,"chasing (#4),digging",None
32A-AM-1018-02,21,696,16,-73.96316467546,40.79257168109,2,True,True,False,False,False,None,None
5B-AM-1008-02,15,838,21,-73.97745843051,40.77081339862,2,True,False,False,True,False,None,None
15I-PM-1012-06,21,6,4,-73.96505990933,40.77621318868,6,True,False,False,False,True,None,None
36C-AM-1014-03,43,561,8,-73.95860858431,40.79466176845,3,False,False,False,False,True,None,None
33I-AM-1008-04,36,91,21,-73.95463675587,40.7898409878,4,False,False,True,False,True,None,None
25I-PM-1007-05,21,227,3,-73.95984638378,40.78345247243,5,False,False,True,False,False,None,None
31E-PM-1006-05,15,965,22,-73.96033669929,40.78996128895,5,False,True,False,False,False,None,None
4C-PM-1010-10,33,542,9,-73.9776417877,40.76958302658,10,True,False,False,False,True,None,None
14D-PM-1019-01,21,17,12,-73.97146376831,40.77689845616,1,False,True,False,False,False,None,None
32E-AM-1007-06,21,888,10,-73.95956865136,40.79068597487,6,False,False,True,False,False,None,None
34H-PM-1006-07,39,858,22,-73.95498609472,40.79115503283,7,False,False,True,False,False,None,None
31F-PM-1007-05,21,280,3,-73.95910705792,40.78967767712,5,True,False,False,False,True,None,None
39H-AM-1007-04,9,634,10,-73.952165542,40.79487854977,4,False,False,False,True,True,None,None
32F-AM-1012-05,33,317,13,-73.95817069506,40.79063213973,5,True,False,True,False,False,None,None
30B-AM-1007-01,21,292,10,-73.96405263586,40.79074115748,1,False,False,True,False,False,None,None
9F-AM-1013-02,12,586,7,-73.97198796973,40.77256251246,2,False,False,True,False,False,None,None
31B-AM-1017-02,21,330,20,-73.96358389515,40.79175246198,2,False,False,False,False,True,None,None
6D-AM-1008-01,22,308,21,-73.97552590878,40.77072561242,1,False,False,True,True,False,None,None
14E-AM-1008-03,21,264,21,-73.96956411217,40.77695628867,3,False,False,False,False,True,walking,unaware of
11H-AM-1010-06,22,926,2,-73.96848341382,40.77242891202,6,False,True,False,False,False,None,None
37I-PM-1006-01,19,241,22,-73.95243640874,40.79284650543,1,False,False,False,False,True,None,None
29B-PM-1010-01,2,109,9,-73.96395058102,40.78957318358,1,False,False,True,True,True,scratching self,None
17F-PM-1020-06,21,265,11,-73.96738215575,40.77863752677,6,False,False,False,True,False,None,None
35C-PM-1013-04,38,129,15,-73.96032458067,40.79427124777,4,False,False,False,False,True,None,None
35D-PM-1013-05,33,513,15,-73.95874648526,40.79349635408,5,False,False,False,False,True,None,None
8I-PM-1013-07,1,432,15,-73.96953483858,40.77036573618,7,False,False,False,False,True,None,None
2C-PM-1013-04,33,362,15,-73.97864748095,40.76797153411,4,False,False,False,False,True,None,None
31H-PM-1008-03,21,732,19,-73.95743655508,40.78869246751,3,False,False,True,False,True,throwing down acorns,None
40A-PM-1014-01,15,587,14,-73.95894922408,40.79890111897,1,False,False,True,False,False,None,stared & then went back up tree—then ran to different tree
7B-AM-1008-14,21,110,21,-73.97750673989,40.77265661424,14,False,False,True,False,False,None,None
18C-PM-1018-04,3,930,6,-73.96979240266,40.7803611152,4,True,True,False,False,False,None,None
36F-PM-1012-01,1,968,4,-73.95667054128,40.79355606457,1,False,False,False,False,True,None,None
15E-PM-1008-02,21,760,19,-73.9691453886,40.77705240897,2,False,False,False,False,True,None,None
40B-PM-1014-03,15,622,14,-73.95828003055,40.7989473713,3,False,False,False,False,True,None,None
13D-AM-1014-11,15,139,8,-73.97195834922,40.77634349672,11,False,False,False,False,True,None,None
14H-PM-1012-08,15,38,4,-73.96639772619,40.77564513423,8,False,False,False,True,True,None,None
6G-PM-1020-04,21,278,11,-73.97224722862,40.76995504762,4,False,False,False,False,True,None,None
2E-AM-1010-06,34,828,2,-73.9766541879,40.76740772654,6,False,False,False,False,False,leaping branch to branch,None
22H-PM-1007-02,9,588,3,-73.9622752769,40.78149219131,2,False,False,False,False,False,watching me scratching,None
22F-PM-1014-04,21,1,14,-73.96444999039,40.78300231606,4,False,False,False,False,True,None,None
10H-AM-1014-03,25,690,8,-73.96873477319,40.77189555944,3,False,False,True,False,False,None,None
22B-PM-1014-02,10,215,14,-73.96872138277,40.78435863746,2,True,True,False,False,False,None,None
4F-PM-1013-01,19,910,15,-73.97492512674,40.76791119713,1,False,False,False,True,False,None,None
3B-PM-1007-09,36,485,3,-73.97954547876,40.76880268927,9,False,False,False,False,False,None,None
37C-PM-1013-05,21,816,15,-73.95901571049,40.79568844934,5,True,False,False,False,False,None,None
41I-AM-1018-01,24,302,16,-73.95001675703,40.79661858367,1,True,False,False,False,False,None,"cautious,observant,runs off"
16D-AM-1007-03,36,925,10,-73.96991351873,40.77823541862,3,False,False,True,False,False,None,None
37I-PM-1006-02,21,282,22,-73.95271849142,40.79267859048,2,False,False,False,False,True,None,None
19D-AM-1007-02,15,366,10,-73.96833704176,40.78135983505,2,False,False,True,False,True,None,fenced area
2B-AM-1010-02,3,620,2,-73.9803562137,40.76857809906,2,True,False,False,False,False,None,None
14D-AM-1014-14,1,918,8,-73.97083718064,40.77648136667,14,False,False,False,False,True,None,None
20F-PM-1007-02,33,635,3,-73.96481673341,40.78111649763,2,False,False,False,True,True,digging one hole w/ determination,None
18G-AM-1014-03,33,142,8,-73.96517966851,40.77855782676,3,True,False,False,False,False,None,None
2B-PM-1013-03,33,620,15,-73.98008966217,40.76843798103,3,False,False,False,False,False,None,None
21F-AM-1018-03,9,804,16,-73.96432230166,40.78143190872,3,False,False,False,False,False,dead,None
5C-AM-1006-01,22,502,18,-73.97715523262,40.77069175953,1,True,False,True,False,False,None,None
42C-PM-1013-02,15,183,15,-73.95641731491,40.79915585448,2,False,False,False,False,True,None,None
11F-PM-1006-01,21,291,22,-73.97064148636,40.77327548371,1,False,False,False,False,False,sitting,None
9F-PM-1014-08,15,631,14,-73.97216564136,40.77228690656,8,False,False,False,True,False,None,turned to face me while eating
22G-PM-1018-02,1,430,6,-73.96276614654,40.78193568106,2,False,False,False,True,True,None,None
9H-PM-1018-03,21,545,6,-73.9692650851,40.7713793846,3,False,False,False,False,True,None,None
40D-AM-1013-04,15,629,7,-73.95552559506,40.7977720808,4,False,False,False,True,True,None,None
34I-AM-1012-02,33,719,13,-73.95448087082,40.79065758523,2,False,False,False,False,False,hiding,None
11B-PM-1014-06,15,883,14,-73.97464934414,40.77504787349,6,False,False,False,False,False,cleaning,None
14D-PM-1019-05,21,17,12,-73.97118102224,40.7773445612,5,True,False,False,False,False,None,None
12D-PM-1014-01,1,796,14,-73.97263812347,40.7752694816,1,False,False,True,False,False,None,None
1A-PM-1014-03,35,338,14,-73.98069280077,40.76825542203,3,False,False,False,False,True,None,None
33E-AM-1014-08,1,799,8,-73.95896006264,40.79136902651,8,False,False,True,False,False,None,None
32F-AM-1012-07,33,395,13,-73.95796595432,40.7905646887,7,False,False,False,False,True,None,None
15G-AM-1008-01,15,682,21,-73.96690173453,40.77669289871,1,True,False,False,False,True,None,None
13D-AM-1014-04,1,139,8,-73.97100267047,40.77610527646,4,False,True,False,False,False,None,None
38D-PM-1006-04,9,907,22,-73.95757980041,40.79570140355,4,True,False,False,False,False,None,near drive -runners -cyclists
31D-AM-1014-05,39,546,8,-73.96088341024,40.79062471001,5,False,False,False,False,True,None,None
33B-PM-1010-04,15,189,9,-73.96181730924,40.79258001815,4,False,False,False,True,False,None,None
40F-PM-1006-03,15,371,22,-73.95447632819,40.79696454763,3,False,False,False,True,False,None,None
21A-AM-1019-05,21,848,1,-73.97026089917,40.78365172487,5,False,False,True,False,False,None,None
9A-AM-1013-03,10,53,7,-73.97684115477,40.77413770189,3,False,False,False,False,True,None,None
1D-AM-1006-07,1,299,18,-73.97846100316,40.76688399662,7,False,False,False,True,True,None,None
3G-PM-1013-02,1,782,15,-73.97355875608,40.76723462552,2,False,False,False,False,False,"wandering,interacting with tourists","approaches (father - son taking photos,talking about giving him planters peanuts)"
42E-PM-1012-03,33,486,4,-73.95383770398,40.7980605335,3,False,False,True,False,True,None,None
3H-PM-1014-01,21,487,14,-73.97257002619,40.76687933304,1,True,False,False,False,False,None,None
17G-PM-1017-03,33,213,17,-73.96676944399,40.77795018091,3,True,True,True,False,False,None,None
35A-PM-1013-02,33,891,15,-73.96187095894,40.79449690668,2,False,False,False,False,True,None,None
28A-AM-1014-01,21,127,8,-73.96611082484,40.78919451238,1,False,False,False,True,True,None,None
24A-PM-1007-05,10,208,3,-73.96762460141,40.78635513609,5,False,False,True,False,False,None,None
18I-PM-1007-06,9,917,3,-73.96362349533,40.77751385477,6,False,False,False,False,True,digging,None
17B-AM-1010-03,21,969,2,-73.9712636932,40.77998098773,3,False,False,True,False,False,None,None
42C-PM-1013-03,21,859,15,-73.9562733511,40.79931421018,3,False,False,False,False,True,None,None
15D-PM-1017-05,33,633,17,-73.97060411735,40.77801527848,5,False,False,False,False,True,None,None
30B-PM-1019-06,29,25,12,-73.96430251719,40.79057039152,6,False,False,True,False,True,None,None
34I-PM-1010-07,21,537,9,-73.95453025385,40.79102474899,7,True,False,False,False,True,None,None
17F-AM-1007-06,13,265,10,-73.96757180595,40.77860491415,6,False,False,True,False,False,None,None
19B-PM-1018-03,1,902,6,-73.9696802053,40.78160574061,3,False,False,False,False,True,None,None
10G-PM-1017-03,21,9,17,-73.97023822748,40.77217548489,3,False,False,False,True,False,None,None
36F-AM-1017-05,33,733,20,-73.95672557633,40.79363318993,5,False,False,False,False,False,staying very still to avoid two very curious dogs on the ground,"petrified,frozen (tail over its back,frozen)"
20B-PM-1013-07,33,394,15,-73.96905514771,40.78236856632,7,False,True,False,False,False,None,None
38I-PM-1014-02,1,589,14,-73.95256271194,40.79386028675,2,False,False,False,False,False,scampering w/ squirrel #1,None
30I-PM-1006-05,33,442,22,-73.95650266301,40.78816090888,5,True,False,False,False,False,None,None
30A-PM-1020-01,33,970,11,-73.96511558803,40.79069463258,1,False,False,False,False,True,None,None
42E-PM-1012-01,33,894,4,-73.95359803417,40.79811868222,1,False,False,False,False,True,None,None
35F-PM-1012-03,1,590,4,-73.95697599708,40.79314974523,3,False,False,True,True,True,None,None
16F-AM-1008-03,1,734,21,-73.96761128643,40.77727920861,3,True,False,False,False,False,None,None
8I-PM-1013-04,1,432,15,-73.96982314699,40.77020483111,4,False,False,False,False,True,None,None
38A-PM-1013-02,15,429,15,-73.95979946741,40.79729883776,2,False,False,False,True,False,None,None
15D-AM-1007-04,33,633,10,-73.97016305393,40.77795539611,4,True,False,False,False,False,None,None
12A-AM-1008-02,21,422,21,-73.97477629929,40.77685790786,2,False,False,True,False,False,None,None
16C-AM-1014-03,29,50,8,-73.97089038622,40.77873706746,3,False,False,False,False,True,None,None
5C-PM-1010-02,33,502,9,-73.97734865216,40.77084549021,2,False,False,False,False,True,None,None
10G-AM-1006-11,3,289,18,-73.97007797263,40.77220862511,11,False,False,True,False,False,None,None
2I-PM-1006-01,1,971,22,-73.97250779336,40.76545627103,1,False,False,False,False,False,staring at me,None
23I-PM-1019-03,21,78,12,-73.96102667081,40.78175121074,3,False,False,False,False,True,None,None
16E-PM-1018-08,22,514,6,-73.96856122899,40.77784888292,8,False,False,False,False,True,None,None
30B-AM-1007-07,21,25,10,-73.96383120253,40.79038266596,7,False,False,False,True,True,None,None
35E-PM-1006-04,21,409,22,-73.95760008525,40.79361116079,4,True,False,False,False,False,None,None
37B-PM-1013-03,22,372,15,-73.95939093817,40.79610369819,3,False,False,False,True,True,watching,None
1D-AM-1006-04,33,735,18,-73.97829836348,40.76683143643,4,False,False,True,False,False,None,None
35A-AM-1014-07,33,891,8,-73.96224199176,40.7945797979,7,False,True,False,False,False,None,None
14A-AM-1014-01,33,520,8,-73.97387231171,40.77868456122,1,False,False,False,False,True,"foraging?,crossing road",runs from (dogs)
1B-AM-1012-05,15,167,13,-73.98016514704,40.76776986569,5,False,True,False,True,True,None,None
4C-PM-1010-05,15,542,9,-73.97726248348,40.76928219185,5,True,False,False,False,False,None,None
14D-AM-1014-02,1,17,8,-73.97024201003,40.77727208899,2,False,False,False,False,True,None,None
10C-PM-1013-03,15,22,15,-73.97444885844,40.77416272209,3,False,False,False,True,True,None,None
30A-PM-1020-03,15,212,11,-73.96471513036,40.79126810608,3,False,False,False,True,False,None,None
24A-PM-1007-01,33,433,3,-73.96844605681,40.78582481887,1,True,False,False,False,False,None,None
16H-PM-1014-02,33,177,14,-73.96552065711,40.77648515687,2,True,False,False,False,False,None,None
32F-AM-1012-04,12,395,13,-73.95829048147,40.79059157496,4,True,False,False,False,False,None,None
19G-PM-1017-01,22,373,17,-73.96515413954,40.77982832087,1,False,False,False,False,False,watching,None
17G-PM-1017-01,21,972,17,-73.96582039994,40.77758740268,1,False,False,False,False,True,None,None
2B-AM-1010-01,39,620,2,-73.98015625273,40.76872673271,1,False,False,False,True,True,None,None
38A-AM-1019-03,33,429,1,-73.95971924555,40.79733161787,3,False,False,False,False,True,stood on back legs,None
32F-PM-1008-01,21,395,19,-73.95836969941,40.79024566683,1,True,True,True,True,True,None,None
21G-AM-1014-01,33,768,8,-73.96415843953,40.78165716441,1,False,False,False,False,True,None,None
2H-PM-1006-03,12,151,22,-73.97339054603,40.76563371478,3,False,False,False,True,False,None,None
14E-PM-1017-01,10,264,17,-73.96934623543,40.77644443855,1,False,False,False,True,True,None,None
14E-AM-1008-13,21,275,21,-73.96929469389,40.77673897915,13,False,False,True,True,True,None,curious
32E-AM-1007-09,33,519,10,-73.95987466829,40.79070042335,9,False,False,True,False,False,None,None
9E-PM-1014-03,29,591,14,-73.97300395815,40.77306883985,3,False,False,False,True,True,None,None
17E-PM-1018-01,33,161,6,-73.96879332296,40.77886002425,1,False,False,False,True,True,None,None
32D-AM-1013-02,15,508,7,-73.96126235775,40.79115587145,2,False,False,False,False,True,None,None
38E-AM-1010-03,15,773,2,-73.95624426226,40.79572855426,3,False,False,False,True,True,None,None
2F-PM-1014-04,21,592,14,-73.97576731937,40.76696143226,4,False,False,False,True,False,None,None
15D-PM-1017-03,33,633,17,-73.97011824548,40.77728055009,3,False,False,False,False,True,None,None
18C-AM-1018-01,35,930,16,-73.96955729034,40.78082298171,1,False,False,True,False,False,None,None
6D-PM-1020-05,21,34,11,-73.97522251951,40.77037476699,5,False,False,False,False,True,None,None
16F-PM-1013-03,10,111,15,-73.96747266035,40.77721256197,3,False,False,True,False,True,None,None
8D-PM-1007-04,15,676,3,-73.97361648712,40.77256950486,4,False,False,False,False,True,None,None
35B-PM-1013-01,10,223,15,-73.96143736396,40.79450519629,1,False,False,False,True,False,did not notice dog sitting a few yards away (10-20 ft),None
33D-AM-1017-05,12,165,20,-73.95962512846,40.79162547976,5,False,False,True,False,True,None,None
3I-AM-1010-02,21,488,2,-73.97218979152,40.76604342031,2,True,False,False,False,False,None,None
19G-PM-1017-02,15,532,17,-73.96488316116,40.7801326415,2,False,False,False,False,False,patting ground,None
1C-PM-1013-03,22,656,15,-73.97915361832,40.76727059319,3,False,False,False,False,True,None,None
15E-PM-1008-10,21,760,19,-73.96974711235,40.77731633883,10,False,False,False,True,True,None,None
38A-AM-1019-04,21,783,1,-73.95988755413,40.79734155807,4,False,False,False,False,False,walking,None
3B-PM-1007-06,25,485,3,-73.97870151847,40.76901145857,6,False,False,False,True,False,None,None
33D-PM-1006-01,38,165,22,-73.95985354257,40.79155893437,1,False,True,False,False,False,hanging on fence,None
37B-PM-1013-01,21,28,15,-73.95962321702,40.79595508432,1,True,False,False,False,False,None,None
9B-AM-1010-06,39,860,2,-73.97519828455,40.77403437634,6,False,False,True,False,False,cleaning,None
20F-PM-1007-04,39,861,3,-73.96512504026,40.78128849291,4,False,False,True,False,True,None,None
33I-AM-1008-01,15,736,21,-73.95473986848,40.78964837953,1,False,False,False,False,True,None,None
15I-PM-1012-01,15,6,4,-73.96512179984,40.77611153927,1,True,False,False,True,True,None,None
6B-PM-1017-05,15,786,17,-73.97673175395,40.77176004506,5,True,True,False,False,True,None,None
9I-AM-1014-03,21,553,8,-73.96918454202,40.77077498993,3,False,False,False,False,True,None,None
34G-PM-1006-01,12,112,22,-73.95577101183,40.79191611856,1,False,False,False,False,False,digging,None
17D-AM-1008-03,33,547,21,-73.96971787698,40.77915441024,3,False,False,False,True,False,None,None
9I-PM-1010-05,2,553,9,-73.96869257813,40.77056886731,5,True,False,False,False,True,None,None
1B-PM-1019-10,22,862,12,-73.97971223228,40.76783475874,10,False,False,True,False,False,None,None
8A-PM-1014-03,3,973,14,-73.9767164258,40.773688998,3,False,False,True,True,False,None,None
42E-PM-1012-05,33,894,4,-73.9538938707,40.7981150066,5,True,False,False,False,True,None,None
21F-AM-1018-04,9,804,16,-73.9650387848,40.78141344384,4,False,False,False,False,True,None,None
16H-PM-1014-05,33,489,14,-73.96571713578,40.77732775322,5,True,False,True,False,True,None,None
35C-AM-1007-04,15,129,10,-73.95975934851,40.79375284032,4,False,False,False,False,True,None,None
12F-AM-1020-05,4,12,5,-73.96966881624,40.77414221772,5,False,False,False,True,False,None,None
2F-PM-1014-09,33,274,14,-73.975028559,40.76673073355,9,True,False,False,False,False,None,None
12D-AM-1013-01,15,218,7,-73.97153759151,40.77512120888,1,False,False,False,False,True,None,None
27I-PM-1020-04,21,431,11,-73.95833002802,40.78534950027,4,True,False,False,False,False,None,None
19H-AM-1010-01,32,83,2,-73.96436644038,40.77936707037,1,True,False,False,True,True,None,run from human w/ dog
38F-AM-1018-05,15,769,16,-73.9550131294,40.79540243115,5,True,False,False,False,False,ran up tree,None
2B-PM-1013-07,34,620,15,-73.97943717098,40.76838791025,7,False,False,False,True,False,None,None
4I-PM-1007-01,12,675,3,-73.97111781221,40.76726429584,1,True,False,False,False,True,None,None
4A-AM-1007-05,21,578,10,-73.97995942812,40.7701978147,5,False,False,False,True,False,None,None
40B-AM-1019-06,39,622,1,-73.95823634371,40.79877523005,6,False,False,False,False,True,None,None
2C-AM-1010-01,15,47,2,-73.978773628,40.76761267485,1,False,False,False,True,True,None,None
20C-PM-1018-05,3,423,6,-73.96789236677,40.78196756262,5,True,False,False,False,False,None,None
16E-PM-1018-09,13,974,6,-73.96863707265,40.77803823488,9,False,False,True,False,False,None,None
31A-AM-1010-03,21,136,2,-73.96429009038,40.79170171688,3,True,False,False,False,False,None,None
37G-PM-1007-05,33,526,3,-73.95461232594,40.79414348621,5,True,False,False,False,False,jumping around!,None
9I-AM-1014-07,34,553,8,-73.96840928128,40.77114458419,7,False,False,True,True,True,None,None
18G-PM-1013-04,21,87,15,-73.96574879236,40.77868230907,4,False,False,True,True,True,None,None
33F-PM-1012-05,29,758,4,-73.95832017896,40.79139387225,5,True,False,False,False,True,None,None
5E-AM-1008-10,1,242,21,-73.9758211561,40.76934228608,10,True,False,False,False,True,None,None
40D-PM-1013-03,15,629,15,-73.9557918002,40.7979228878,3,False,False,False,False,True,None,None
40D-AM-1013-07,21,219,7,-73.95596639495,40.79744972698,7,False,False,True,False,True,None,curious
31D-PM-1006-02,21,781,22,-73.96086432861,40.79021226346,2,False,False,True,False,False,None,None
11F-AM-1013-01,21,291,7,-73.97025301727,40.7736241205,1,True,False,False,False,False,None,None
40C-AM-1017-01,21,295,20,-73.95736565235,40.7979754564,1,False,True,False,False,False,chasing (#2),None
16F-PM-1013-01,15,791,15,-73.9673349366,40.77732897242,1,False,False,False,True,True,None,None
12F-PM-1007-03,9,12,3,-73.96949386083,40.77457001021,3,False,False,False,True,True,None,None
13E-PM-1008-02,33,975,19,-73.97075713644,40.77588598125,2,False,False,False,False,True,None,None
37E-AM-1013-03,15,770,7,-73.95611036886,40.794914085,3,False,False,False,False,True,None,None
12F-PM-1007-14,1,12,3,-73.96991340526,40.77444658904,14,False,False,True,True,True,None,None
19E-PM-1018-03,21,593,6,-73.96761133458,40.78034824485,3,False,False,False,True,False,None,None
5D-PM-1018-07,33,145,6,-73.97617764247,40.76959418438,7,False,False,False,True,False,None,None
15I-AM-1008-06,22,56,21,-73.96570403916,40.77555674282,6,False,False,False,True,False,None,None
4G-AM-1006-03,11,820,18,-73.97341087311,40.76760513927,3,False,False,False,False,True,None,None
33D-AM-1017-08,12,191,20,-73.95934109654,40.79231340104,8,False,False,False,False,True,None,None
40C-PM-1006-07,21,295,22,-73.95693181053,40.7973442139,7,True,False,False,False,False,None,None
37A-PM-1013-02,2,594,15,-73.96089873976,40.79613930971,2,False,False,True,False,False,None,None
42D-AM-1014-01,1,243,8,-73.95535215277,40.7988549523,1,False,False,True,True,False,None,None
29D-AM-1014-05,15,113,8,-73.96233563694,40.78886938152,5,False,False,False,False,True,None,None
22C-PM-1006-03,21,148,22,-73.96724133546,40.78381161382,3,True,False,False,False,False,None,None
14D-PM-1019-08,21,17,12,-73.97097381665,40.77741026897,8,False,False,True,False,False,None,None
11I-AM-1012-01,1,802,13,-73.96775008621,40.77260609878,1,False,False,False,True,False,None,None
21A-AM-1019-02,21,238,1,-73.96980803283,40.78422529485,2,False,True,False,False,False,None,None
13D-PM-1018-01,1,139,6,-73.97171354612,40.77617806801,1,False,False,False,False,True,None,None
40D-AM-1013-05,21,629,7,-73.95560399976,40.79775491573,5,False,False,False,True,True,None,None
14D-PM-1019-06,21,17,12,-73.97105314853,40.77737570694,6,False,False,False,True,False,None,None
40G-PM-1013-04,21,36,15,-73.95324276991,40.79626437671,4,True,False,False,False,False,None,None
25I-AM-1012-03,34,976,13,-73.9594986108,40.78400830406,3,True,True,False,True,False,None,None
33D-AM-1017-06,12,165,20,-73.95944460183,40.7917800352,6,False,False,True,False,False,None,runs from (ran into hole in tree trunk)
6E-AM-1014-01,10,562,8,-73.97489433975,40.77039925643,1,False,False,False,False,True,None,None
33C-PM-1007-02,31,4,3,-73.96149727573,40.79214049513,2,False,False,False,True,False,None,None
16D-AM-1007-05,21,149,10,-73.96975832355,40.7787320391,5,True,False,False,False,False,None,None
12F-PM-1007-07,1,12,3,-73.96991248114,40.77430169815,7,True,True,True,False,True,None,None
1B-AM-1012-03,1,167,13,-73.97992507823,40.76761065989,3,False,False,False,False,True,None,None
2B-PM-1013-02,33,620,15,-73.98011389837,40.76857215156,2,False,False,False,False,True,None,None
17B-PM-1012-03,33,969,4,-73.97074872373,40.7800822831,3,True,True,False,False,False,2/3 chasing each other,None
33E-PM-1012-08,33,527,4,-73.95836886373,40.7913889585,8,True,True,False,False,False,None,None
15G-PM-1019-10,21,737,12,-73.96749788268,40.77628841077,10,False,False,False,True,False,None,None
14A-AM-1014-02,33,520,8,-73.97351950184,40.77871472797,2,False,False,True,False,True,None,None
20F-PM-1007-07,15,635,3,-73.96527464775,40.78093268485,7,True,False,False,False,False,watching,None
22A-AM-1008-04,9,160,21,-73.9694382428,40.78463506929,4,False,False,False,False,True,None,None
5I-AM-1010-04,21,671,2,-73.97092423647,40.76842172156,4,False,False,False,True,False,None,None
29C-AM-1007-01,15,266,10,-73.96371674704,40.78921601379,1,False,False,False,False,True,None,None
4C-AM-1006-01,39,542,18,-73.97718477287,40.7695971165,1,False,False,False,True,True,None,None
18I-PM-1007-02,15,921,3,-73.96390482095,40.77773733456,2,False,False,True,True,True,hanging upside down,None
1D-AM-1006-08,10,735,18,-73.97848631237,40.76692250208,8,False,False,True,False,False,None,None
14I-AM-1013-01,33,794,7,-73.9662310607,40.77477582212,1,True,False,True,False,False,None,None
37E-AM-1013-02,11,770,7,-73.95623234557,40.79461806563,2,True,True,False,False,False,None,None
31C-PM-1010-02,33,566,9,-73.96242964358,40.79132081369,2,False,False,True,False,False,None,None
4A-AM-1007-04,21,578,10,-73.97928142444,40.77050319406,4,False,False,False,False,False,None,None
9G-AM-1007-03,35,776,10,-73.97140458916,40.7715418334,3,False,False,True,False,False,None,None
29D-PM-1010-02,1,370,9,-73.96207194143,40.78863745299,2,False,False,False,True,False,None,None
14B-AM-1007-02,21,810,10,-73.97308131622,40.77793157209,2,False,False,False,False,True,None,None
36G-PM-1012-02,33,863,4,-73.95454276115,40.79303538174,2,False,False,False,True,False,None,None
39D-PM-1012-04,39,977,4,-73.95662777216,40.79666745878,4,False,False,True,False,False,None,None
3E-AM-1006-08,15,364,18,-73.97547091177,40.76814218694,8,False,False,False,True,False,None,None
3H-PM-1014-03,9,54,14,-73.9734741818,40.76632845143,3,False,False,False,False,True,None,None
7D-PM-1010-01,33,923,9,-73.97485227965,40.7719586621,1,True,False,False,False,False,None,None
32E-AM-1007-11,21,519,10,-73.959784547,40.79061793034,11,False,True,False,False,False,None,None
14D-PM-1019-13,21,918,12,-73.97082257197,40.77724978041,13,False,False,False,False,False,None,None
41E-AM-1007-03,21,441,10,-73.95361987262,40.79801351022,3,False,False,False,False,True,None,None
21D-AM-1008-06,21,630,21,-73.96689220147,40.78235356538,6,False,False,False,False,True,None,None
16D-PM-1010-05,21,149,9,-73.96977876738,40.77817461954,5,True,False,False,False,True,None,None
30H-AM-1007-03,34,244,10,-73.9575258628,40.78771555075,3,False,False,False,False,True,None,None
40D-AM-1013-06,15,219,7,-73.95658241877,40.79731205095,6,True,False,True,False,True,None,None
37D-PM-1014-02,21,245,14,-73.95799670473,40.79486820423,2,False,False,True,False,False,None,None
42H-PM-1014-01,9,712,14,-73.95096281955,40.79777756742,1,False,False,False,False,False,None,None
3D-AM-1006-05,9,901,18,-73.9774228454,40.7686399839,5,True,False,False,False,False,None,"runs from (chased by boy),wary of humans in playground"
12E-AM-1017-04,21,16,20,-73.97116075447,40.77498824764,4,True,False,False,False,False,None,None
38E-AM-1010-06,15,181,2,-73.95595201372,40.79505362872,6,True,True,False,False,False,chasing and being chased by #7,None
6C-AM-1007-04,21,558,10,-73.97664770273,40.77127374178,4,False,True,True,False,False,chasing #5,None
2C-PM-1013-02,33,47,15,-73.97857092012,40.76743919342,2,False,True,False,False,False,None,None
33E-PM-1012-03,33,527,4,-73.95890163859,40.79117276796,3,False,False,False,False,True,None,None
38C-PM-1014-01,1,85,14,-73.95876785663,40.7962656031,1,False,False,True,False,False,None,None
35I-AM-1013-01,22,845,7,-73.95377032314,40.79159593938,1,False,False,True,False,False,None,None
8E-PM-1008-03,33,738,19,-73.97339442819,40.77229335131,3,False,False,False,True,True,None,also being lured by mom & baby w/ food
10F-PM-1019-03,10,15,12,-73.97099910163,40.77257567077,3,False,False,False,True,False,eating (nuts),approaches (bad tourists w/ nuts)
21F-AM-1018-08,9,804,16,-73.96429678759,40.78156523539,8,False,False,False,True,True,None,None
7G-AM-1010-03,15,900,2,-73.97200502043,40.76994190942,3,True,False,False,False,False,None,None
37G-PM-1007-08,21,163,3,-73.95431338448,40.79405375826,8,False,False,False,False,True,None,None
33I-AM-1008-02,21,739,21,-73.95477850812,40.78961218371,2,False,False,True,False,False,None,None
9B-AM-1010-03,15,168,2,-73.97556560357,40.77384625183,3,True,False,True,False,True,None,None
1D-PM-1007-05,15,299,3,-73.97846859287,40.76699240153,5,False,False,False,False,True,None,None
31D-AM-1014-07,43,978,8,-73.9609692861,40.79050289125,7,True,False,False,False,False,None,None
32I-AM-1013-03,10,293,7,-73.95561774903,40.78885691615,3,False,False,True,False,False,None,watching me from tree - curious
36E-AM-1013-02,21,424,7,-73.95693753559,40.79353980086,2,True,False,False,True,False,None,None
5B-AM-1008-04,15,838,21,-73.97735205827,40.77081985058,4,False,False,False,False,False,None,None
19A-PM-1013-04,31,374,15,-73.97052601032,40.78263336866,4,False,False,False,True,True,None,None
3I-PM-1013-08,12,488,15,-73.97164024544,40.76651337807,8,False,False,True,False,False,None,None
7F-AM-1008-07,21,740,21,-73.97279263354,40.77037055775,7,False,False,False,False,False,standing,None
34D-AM-1008-03,22,825,21,-73.95901916552,40.79261394251,3,True,False,False,False,False,None,None
14E-AM-1008-15,21,264,21,-73.96955183419,40.77621459939,15,False,False,False,True,True,walking,None
8H-PM-1014-04,12,650,14,-73.97037326493,40.77019793771,4,False,False,False,True,False,None,None
21D-AM-1008-04,15,630,21,-73.96739494581,40.78262185395,4,True,False,False,False,False,None,None
37E-PM-1006-03,15,770,22,-73.95696709007,40.79487928568,3,True,False,False,False,False,None,me
20D-AM-1007-02,21,164,10,-73.96715340292,40.78108498045,2,False,False,False,False,True,quieter,None
7I-PM-1013-06,34,482,15,-73.96980442185,40.76970078335,6,False,False,False,True,False,"playing,interacting with #7",None
34B-AM-1013-01,15,571,7,-73.96142184134,40.79389450588,1,True,False,False,False,True,hopping,None
32C-AM-1014-06,15,147,8,-73.96119857833,40.79160482337,6,True,False,False,False,True,None,None
42E-PM-1012-04,33,894,4,-73.95385121459,40.79812576514,4,False,False,False,True,True,None,None
20G-PM-1013-01,22,582,15,-73.9645390311,40.780991631,1,True,False,False,False,True,None,None
40A-PM-1014-04,21,806,14,-73.9586085859,40.79903267583,4,True,False,False,False,False,None,runs from (ran from path to bushes)
3D-AM-1006-02,9,82,18,-73.97671436442,40.76847569413,2,True,False,True,False,False,None,None
10H-AM-1014-06,26,655,8,-73.9691520826,40.77171040378,6,False,False,False,False,True,None,None
17A-PM-1013-03,21,595,15,-73.97220565387,40.78051117627,3,False,False,False,False,False,grooming! & scratching,None
28D-PM-1019-01,33,792,12,-73.96289827727,40.78843048034,1,False,False,False,False,True,None,None
16A-AM-1013-02,12,596,7,-73.97301813063,40.77946013224,2,False,False,False,False,True,None,None
41B-AM-1010-04,1,699,2,-73.95763250879,40.79884487451,4,False,False,False,False,True,None,None
41D-AM-1014-03,28,269,8,-73.95544156651,40.7984201416,3,False,False,False,False,True,None,None
1F-PM-1019-01,15,185,12,-73.97681733032,40.76612618136,1,False,False,False,False,True,None,None
38C-PM-1014-10,39,85,14,-73.95770095714,40.79612604452,10,False,False,True,True,True,climbing (down from ~10'),None
3F-AM-1006-08,23,77,18,-73.97458005924,40.76735654198,8,True,False,False,False,True,None,None
38D-PM-1006-03,15,907,22,-73.95656457166,40.79590399496,3,False,False,False,True,True,None,None
4E-AM-1020-03,27,906,5,-73.97568947767,40.76816382182,3,False,False,False,False,True,None,None
22C-PM-1006-07,21,27,22,-73.96698919405,40.78356351623,7,False,False,True,False,False,None,None
22G-PM-1018-01,1,430,6,-73.96308205774,40.78216322931,1,True,False,False,True,False,None,None
38B-AM-1019-04,21,10,1,-73.95906320511,40.79631465848,4,False,False,False,False,False,sitting in tree,observant
19F-PM-1017-02,21,659,17,-73.96559698156,40.77977388458,2,False,False,False,False,True,None,None
3B-AM-1010-07,21,638,2,-73.97877710531,40.76935621228,7,False,False,True,False,False,together w/ #8,None
9C-PM-1006-02,33,246,22,-73.975537185,40.77335612338,2,False,True,False,False,False,None,None
31E-PM-1006-09,1,965,22,-73.96055548432,40.7901473714,9,False,False,False,True,False,None,None
4B-AM-1010-02,18,175,2,-73.97892518064,40.76995585132,2,False,False,True,True,True,None,None
19C-PM-1018-07,23,893,6,-73.96890690767,40.78162782678,7,True,False,True,False,False,None,None
8C-PM-1013-01,15,20,15,-73.97543338664,40.77323909161,1,False,False,False,False,True,None,None
33E-AM-1014-10,23,799,8,-73.95894704614,40.79128176464,10,False,True,False,False,False,None,None
11E-PM-1012-07,33,427,4,-73.9715251157,40.77462178486,7,False,False,False,True,False,None,None
12H-PM-1007-05,38,967,3,-73.96798332254,40.77385470934,5,False,False,False,False,True,None,None
36F-PM-1012-05,33,14,4,-73.95645390249,40.7936584431,5,False,False,False,False,True,None,None
14A-PM-1014-02,1,520,14,-73.97369970339,40.77849795241,2,True,False,False,False,False,None,None
16E-AM-1014-10,15,464,8,-73.96885748565,40.7780770207,10,False,False,True,False,False,None,None
14H-PM-1012-04,9,38,4,-73.96682425729,40.77534053779,4,False,False,False,True,False,None,None
12E-AM-1017-01,1,16,20,-73.97128631726,40.77469875818,1,False,False,False,False,True,None,None
11I-PM-1012-07,3,802,4,-73.96801718944,40.77246444263,7,False,False,False,False,True,burying its food into the ground,None
2E-PM-1014-01,33,788,14,-73.97658670292,40.76743042661,1,False,False,False,False,True,None,None
18H-AM-1018-01,15,375,16,-73.96461740349,40.77812875283,1,True,True,False,False,False,playing?,None
14H-PM-1012-06,1,38,4,-73.96639614158,40.7750691121,6,False,False,False,True,True,None,None
3D-PM-1010-04,15,901,9,-73.97678496797,40.76856651693,4,False,False,False,False,True,None,None
42A-PM-1014-01,15,199,14,-73.95769736324,40.7997576909,1,True,False,False,False,True,up on hind legs looking around,came to about 10' away then ran off
8B-PM-1012-05,22,649,4,-73.97673696862,40.77350744371,5,False,False,True,True,True,None,None
15G-AM-1008-02,21,682,21,-73.96745869398,40.77699225221,2,True,False,False,False,False,None,None
9B-AM-1010-09,15,417,2,-73.97568707892,40.77336467827,9,True,False,False,True,False,food in mouth,None
38C-AM-1019-02,15,762,1,-73.95768974788,40.79646953285,2,True,False,False,False,False,None,None
5F-PM-1007-02,15,131,3,-73.97430604048,40.76879017814,2,False,False,False,False,True,None,None
3H-AM-1008-04,12,540,21,-73.97236778548,40.76673154109,4,False,False,False,False,True,None,None
9E-AM-1008-04,33,314,21,-73.97286544395,40.77248531422,4,False,False,False,True,False,None,None
11E-PM-1012-06,1,247,4,-73.97159219822,40.77461530666,6,False,False,True,True,False,None,None
12C-PM-1017-01,10,415,17,-73.97372476322,40.77594692809,1,True,False,False,True,False,"digging/burying,drinking from lake",None
3H-PM-1014-04,4,54,14,-73.97283608756,40.76606372957,4,False,False,False,True,False,None,None
10H-PM-1007-02,33,655,3,-73.96916921609,40.77253305029,2,False,False,False,False,True,None,None
38D-AM-1017-01,14,741,20,-73.95678010282,40.79600966596,1,False,False,False,False,False,None,None
23B-PM-1012-03,33,822,4,-73.96786208407,40.7847190273,3,False,True,False,False,True,2/3 were chasing each other,None
11D-PM-1006-04,12,929,22,-73.97175151739,40.77479992744,4,True,False,False,False,True,None,None
11D-AM-1010-02,2,929,2,-73.97246185339,40.77450216025,2,False,False,False,False,True,walking,None
8I-AM-1006-06,33,479,18,-73.96946818036,40.77058579536,6,False,False,False,False,True,None,None
14D-AM-1014-07,1,17,8,-73.97097974678,40.77690957107,7,False,False,False,False,True,None,None
1E-PM-1007-01,1,333,3,-73.97719249016,40.76667227295,1,False,False,False,False,True,None,people feeding squirrel
6D-AM-1008-03,3,308,21,-73.97549229705,40.7707686393,3,False,False,False,False,False,None,None
14D-PM-1019-10,21,826,12,-73.97046794594,40.77733842362,10,False,False,True,False,False,None,None
40F-PM-1006-01,15,371,22,-73.95312632141,40.79656750899,1,False,False,False,False,True,None,None
17F-PM-1020-02,15,265,11,-73.96734901375,40.77827281304,2,False,False,False,True,False,None,None
11E-AM-1013-01,21,427,7,-73.97166211127,40.77428622195,1,False,False,True,True,False,None,None
18C-PM-1018-07,43,517,6,-73.96951177976,40.78026757432,7,False,False,False,True,True,None,None
7F-AM-1008-04,33,345,21,-73.97302848158,40.77024625295,4,False,True,False,False,False,None,None
23C-PM-1014-04,21,403,14,-73.96653632651,40.7844967881,4,False,False,False,False,False,being chased by #3 across trees,None
42F-AM-1019-01,15,920,1,-73.95336457626,40.79837092155,1,False,False,False,False,False,None,runs from (me)
11D-AM-1010-04,1,929,2,-73.97191948774,40.77480009629,4,False,False,False,True,True,None,None
1D-AM-1006-05,22,299,18,-73.97863103089,40.76693493682,5,False,False,False,True,False,None,None
27B-PM-1006-01,21,114,22,-73.96573854747,40.78869627402,1,False,False,False,True,True,None,None
41C-PM-1007-03,33,683,3,-73.95621773059,40.79834132763,3,True,False,False,False,False,None,None
18F-PM-1008-02,21,864,19,-73.96631245607,40.77954400379,2,False,False,False,False,False,hopping around,None
38G-PM-1020-11,1,507,11,-73.95319654697,40.7947437984,11,False,False,False,True,False,None,None
2B-PM-1013-04,33,620,15,-73.98003374,40.76836082923,4,False,False,False,False,False,None,None
42C-AM-1007-01,15,183,10,-73.95647774407,40.79930683554,1,False,False,False,False,False,nut in mouth,None
1G-AM-1006-01,12,728,18,-73.97458184501,40.76544988736,1,False,True,False,False,True,None,None
15B-PM-1017-02,33,979,17,-73.97273103978,40.77870167735,2,False,False,True,True,True,"digging,chewing on tree—has nut in mouth!",None
32A-PM-1013-04,33,885,15,-73.96362317559,40.79274510689,4,False,False,False,False,True,None,None
30B-AM-1007-12,21,292,10,-73.96367401703,40.7903538225,12,False,False,True,False,True,None,None
17E-AM-1017-09,21,161,20,-73.96753091759,40.77886499265,9,True,False,False,False,False,None,None
34C-AM-1007-02,21,980,10,-73.96113553035,40.79306935322,2,False,False,True,False,False,None,None
32A-PM-1013-06,10,885,15,-73.96323010349,40.79257072441,6,True,False,False,False,False,None,None
2C-PM-1013-06,33,47,15,-73.97883790856,40.76838965831,6,False,False,False,False,True,cleaning face & tail,None
15D-AM-1007-01,21,633,10,-73.97007853145,40.77771411186,1,False,False,False,False,True,None,None
30H-AM-1007-01,21,244,10,-73.9573325001,40.78746621046,1,False,False,False,False,True,None,None
15C-AM-1010-02,21,59,2,-73.97080322984,40.77842656745,2,False,False,True,False,False,nest building,None
7H-PM-1006-07,21,884,22,-73.97002639366,40.76993350986,7,False,True,True,False,False,playing w/ #6,None
9H-AM-1006-06,33,545,18,-73.96906384242,40.77138692957,6,False,False,False,False,True,None,None
32E-PM-1017-02,21,519,17,-73.95871830391,40.7909209138,2,False,False,False,False,True,None,None
15F-AM-1007-05,15,889,10,-73.96887733063,40.77666698524,5,True,True,False,False,False,None,None
16F-PM-1013-04,15,742,15,-73.9676191847,40.77764174082,4,False,False,True,True,True,None,None
14G-AM-1012-04,27,904,13,-73.9681671864,40.77537705386,4,False,False,False,False,True,None,None
11D-PM-1006-02,10,617,22,-73.97319251792,40.77489627462,2,False,False,True,False,False,None,None
1B-AM-1012-08,15,167,13,-73.98019560822,40.76783644096,8,False,True,False,True,False,None,None
30H-AM-1007-02,21,244,10,-73.95731197773,40.78753478628,2,False,False,False,True,False,following #1,None
9A-AM-1013-01,15,53,7,-73.97695202121,40.77400672586,1,True,False,False,False,False,None,None
8F-PM-1012-07,15,785,4,-73.97248799699,40.7710982024,7,False,False,True,False,False,gathering,None
35B-PM-1013-03,21,223,15,-73.9613276802,40.79438139644,3,True,False,False,False,True,threatened by approaching dog (dog #1),runs from (dog)
38F-AM-1018-06,15,769,16,-73.95513705862,40.7946465469,6,False,False,False,False,False,hopped away,None
31I-PM-1019-01,21,51,12,-73.95637206143,40.78794533063,1,False,False,False,False,True,None,None
32E-PM-1017-11,21,519,17,-73.9594204647,40.79059237652,11,False,False,False,True,True,None,None
11F-AM-1013-03,21,92,7,-73.97043285736,40.77393472476,3,False,False,True,False,False,None,None
12A-PM-1013-01,21,743,15,-73.97475928559,40.77637628704,1,False,False,False,False,True,None,None
15C-AM-1010-03,21,59,2,-73.97118651344,40.77850399819,3,False,False,False,True,False,sitting,None
1F-PM-1019-02,15,951,12,-73.97613757295,40.76622318921,2,False,False,True,True,False,None,None
37C-AM-1012-01,15,816,13,-73.95884149805,40.79535254814,1,False,False,False,False,True,caching,None
5F-PM-1007-01,15,131,3,-73.97439704555,40.7687880244,1,False,False,False,True,False,None,None
11H-PM-1013-04,21,926,15,-73.96865512133,40.77286178372,4,False,False,False,True,False,None,None
10F-PM-1019-09,15,744,12,-73.97085642268,40.7726219968,9,True,False,False,False,True,None,None
3B-AM-1010-06,21,638,2,-73.97875529478,40.76907796288,6,True,False,False,False,False,None,None
32H-AM-1010-01,10,115,2,-73.9565738896,40.79001609526,1,False,False,False,False,False,not sure; walking-stop-walking-stop,did seem to observe me for a moment
1A-PM-1014-01,22,812,14,-73.98085173247,40.76831546472,1,False,True,False,False,False,None,None
3A-AM-1012-01,23,195,13,-73.98013433933,40.76915124534,1,False,False,False,True,False,None,None
23B-PM-1012-04,33,745,4,-73.96807419753,40.78470367782,4,False,False,False,False,False,watching me - didn't move,None
8F-PM-1012-02,21,916,4,-73.9721497679,40.77161601994,2,True,False,False,False,False,None,None
41B-AM-1010-03,36,5,2,-73.9578981223,40.79899677544,3,False,False,False,False,False,None,None
6F-PM-1008-03,21,248,19,-73.97291905721,40.77001815091,3,False,False,False,False,True,None,None
6A-PM-1012-02,33,805,4,-73.9785829546,40.77196522991,2,True,True,True,False,False,None,None
3H-AM-1008-06,12,54,21,-73.97296035503,40.76602157107,6,False,False,False,False,True,None,None
11F-PM-1006-03,21,92,22,-73.97043394226,40.77401495296,3,False,False,True,False,False,None,None
10G-AM-1006-03,39,289,18,-73.97045925009,40.77296288793,3,False,False,True,False,False,None,None
38C-PM-1014-02,33,762,14,-73.95871384837,40.79639180518,2,False,False,False,True,True,None,None
27I-PM-1020-03,15,431,11,-73.95837620713,40.78522260656,3,False,False,False,False,False,None,begging for food; on hind legs
6B-PM-1017-02,15,786,17,-73.97682684679,40.77146080419,2,False,False,False,False,True,None,None
7G-AM-1010-09,34,900,2,-73.97201092117,40.77016269192,9,False,False,False,False,True,None,None
1D-PM-1007-07,21,299,3,-73.97772067333,40.76685955855,7,False,False,False,False,False,lying down,None
4C-AM-1006-03,3,857,18,-73.97778796352,40.76935945567,3,False,False,False,False,True,None,None
16G-AM-1010-04,9,767,2,-73.96653096896,40.77752710202,4,False,False,True,False,False,None,None
33E-PM-1012-02,33,527,4,-73.95883617429,40.79111522516,2,False,False,False,False,True,None,None
16G-AM-1010-01,33,746,2,-73.96689643157,40.77775779909,1,False,False,True,False,False,None,None
39E-AM-1018-03,15,353,16,-73.95557243518,40.79676024982,3,True,False,False,False,False,None,None
31E-PM-1006-04,21,597,22,-73.95969492589,40.79000794792,4,False,False,True,False,False,None,None
16A-AM-1013-01,21,914,7,-73.972594718,40.77944815772,1,False,False,False,False,True,None,None
2F-PM-1014-06,33,274,14,-73.97551920769,40.76644135708,6,True,False,False,False,False,None,None
22B-AM-1013-03,34,413,7,-73.96869079188,40.78394622619,3,False,False,False,False,True,None,None
2A-PM-1019-03,39,554,12,-73.98094464896,40.76850321659,3,True,False,False,False,False,None,None
32E-AM-1007-03,12,519,10,-73.95970172788,40.79066002697,3,True,False,False,False,False,None,None
13E-AM-1017-10,21,7,20,-73.97081754618,40.77592285655,10,False,False,False,False,True,None,None
19D-PM-1008-01,33,621,19,-73.96835980866,40.78111504513,1,False,False,False,False,True,None,None
40A-PM-1014-03,21,806,14,-73.95886898209,40.7992384138,3,True,False,False,False,False,None,runs from (ran from base of tree into bushes)
10E-PM-1007-01,21,249,3,-73.97203231482,40.77297034596,1,False,False,False,False,True,None,None
10I-AM-1010-01,15,158,2,-73.968365345,40.77196615922,1,False,False,False,False,True,None,None
31F-PM-1007-02,21,116,3,-73.95905514734,40.78916070608,2,False,False,False,False,True,None,None
40A-AM-1010-01,3,865,2,-73.95877875928,40.79816990143,1,False,False,True,False,False,None,climbing up a tree
11H-PM-1013-02,35,331,15,-73.9682278906,40.77330275081,2,False,False,False,False,False,digging,None
35C-AM-1007-03,36,268,10,-73.96044760479,40.79380143287,3,False,False,False,False,True,None,None
16E-PM-1018-03,21,514,6,-73.96830666058,40.77812139305,3,True,False,False,False,False,None,None
7E-PM-1013-01,15,66,15,-73.97355287721,40.77156382282,1,True,False,True,True,True,None,None
15F-AM-1007-01,15,889,10,-73.96847528392,40.77658162615,1,True,False,False,True,True,None,None
5A-AM-1006-04,10,156,18,-73.97911415322,40.77148888354,4,False,False,False,False,True,None,None
3B-AM-1010-02,10,11,2,-73.97902039736,40.76888371148,2,True,False,False,False,False,together w/ #3,None
4H-AM-1006-03,12,321,18,-73.97292974853,40.76732785414,3,False,False,False,False,True,met #4 while foraging and briefly tussled,None
5E-PM-1012-03,1,764,4,-73.97556434048,40.76975691494,3,False,False,False,True,True,None,None
7F-AM-1008-01,15,250,21,-73.97266996869,40.77011237912,1,False,False,False,False,True,None,None
35F-PM-1012-02,33,674,4,-73.95698112857,40.79309123461,2,False,False,False,True,True,None,None
30C-PM-1008-01,15,319,19,-73.96300549964,40.7905225147,1,False,False,False,True,True,None,None
14I-PM-1018-02,10,97,6,-73.96572031997,40.77517300891,2,False,False,False,False,True,None,None
10G-AM-1006-08,4,289,18,-73.97069499307,40.77236204585,8,False,False,False,True,False,None,None
38F-PM-1013-06,10,769,15,-73.9545912099,40.79483018131,6,False,False,False,False,True,None,None
13C-AM-1010-01,21,146,2,-73.97208712754,40.77623726863,1,False,False,True,False,False,None,None
28I-PM-1007-01,21,490,3,-73.95827701417,40.78566102389,1,True,False,True,False,False,None,None
32C-PM-1013-08,3,147,15,-73.96198560858,40.79195165201,8,False,False,False,False,True,None,None
20B-PM-1013-01,33,394,15,-73.96953216004,40.78226166414,1,False,False,False,False,True,None,None
40B-PM-1014-05,15,622,14,-73.95874591364,40.79824973518,5,False,False,False,False,True,None,None
17F-AM-1007-01,21,265,10,-73.96738035086,40.77852450255,1,False,False,True,True,False,None,None
37D-PM-1014-03,21,245,14,-73.95798653298,40.79490653568,3,False,False,True,False,False,None,None
10G-PM-1017-04,21,9,17,-73.96993697968,40.77203501913,4,True,False,False,True,False,None,None
23C-PM-1014-01,21,403,14,-73.9667073187,40.78405813616,1,False,False,True,False,False,None,None
19E-PM-1018-02,33,57,6,-73.96659048701,40.78024690529,2,True,False,True,False,False,None,None
32C-PM-1013-10,21,147,15,-73.96193040894,40.79204516932,10,False,False,False,False,True,None,None
41G-AM-1013-01,15,71,7,-73.9522704512,40.7965668879,1,False,False,False,True,True,None,None
37C-AM-1012-04,15,816,13,-73.95896709879,40.79521270393,4,False,False,False,False,True,None,None
25B-PM-1007-02,15,251,3,-73.96682305766,40.78706372333,2,False,False,True,False,True,None,None
33D-AM-1017-04,12,165,20,-73.95999115375,40.79144525428,4,False,False,True,False,False,None,None
6D-AM-1008-04,21,308,21,-73.97562732577,40.77065391862,4,False,False,True,False,False,None,None
5C-PM-1010-01,2,502,9,-73.9775865217,40.77049283,1,False,False,False,True,True,None,None
3H-AM-1008-03,21,598,21,-73.9727323798,40.7669035464,3,False,False,True,False,False,None,None
5D-AM-1020-03,27,145,5,-73.97561052267,40.76965319727,3,False,False,False,False,True,None,None
37E-PM-1006-07,9,770,22,-73.95651516625,40.79466479874,7,True,False,False,False,False,None,me
41B-AM-1010-08,2,5,2,-73.95772971872,40.79922529568,8,False,False,True,True,False,None,None
22A-AM-1008-01,15,252,21,-73.96984463657,40.78426071686,1,False,False,False,True,False,None,None
33G-PM-1006-02,21,866,22,-73.9569896639,40.79119145075,2,True,False,False,False,False,None,engaged w/ me
20B-PM-1013-02,33,394,15,-73.96951750418,40.78207413443,2,False,False,False,False,True,None,None
13H-PM-1010-06,21,784,9,-73.9679156308,40.77452693603,6,False,False,False,False,True,None,None
42F-PM-1017-01,1,920,17,-73.95266811072,40.79770120091,1,True,False,False,False,False,playing,None
35B-AM-1010-04,9,897,2,-73.96053474621,40.79420754484,4,False,False,False,False,True,None,None
3D-AM-1006-07,9,901,18,-73.97685444887,40.7680069501,7,True,False,False,False,False,running (with food in mouth),None
17H-PM-1007-01,15,599,3,-73.96533435729,40.77752869246,1,False,False,True,True,False,None,None
9I-AM-1014-05,34,553,8,-73.9691318045,40.77098019747,5,False,False,False,False,True,None,None
22B-PM-1014-03,10,215,14,-73.96869998602,40.78440147351,3,True,True,False,False,False,None,None
38A-AM-1019-01,21,783,1,-73.95994199263,40.79727747288,1,True,True,True,False,False,None,None
3F-PM-1013-02,37,323,15,-73.97559232564,40.76729679725,2,False,False,False,False,True,None,None
13H-PM-1010-01,21,784,9,-73.96746037843,40.77494938032,1,False,False,False,False,True,None,None
34C-AM-1007-01,12,710,10,-73.96009636391,40.79349623253,1,True,False,False,False,False,None,dog
31A-AM-1010-02,21,136,2,-73.96388775887,40.79154773043,2,False,False,False,True,True,scratching,None
19H-AM-1010-03,23,867,2,-73.96427429077,40.7795319556,3,False,False,True,True,True,None,ran from human w/ dog
34D-PM-1007-03,15,825,3,-73.95968201552,40.79328868032,3,False,False,False,True,False,None,None
34B-AM-1013-02,15,571,7,-73.96133472959,40.79389009652,2,False,False,False,False,True,None,None
13C-AM-1010-02,1,283,2,-73.97214488798,40.7762112841,2,False,False,True,False,False,burying,None
7E-AM-1006-04,21,398,18,-73.97364890419,40.77121433854,4,False,False,False,True,False,None,None
5I-AM-1010-03,21,376,2,-73.97108433621,40.76797396013,3,False,False,False,False,False,None,None
22D-PM-1012-03,31,414,4,-73.96632971446,40.78379320237,3,False,False,False,False,True,None,None
17F-AM-1007-04,22,265,10,-73.96749310703,40.7783693691,4,False,False,False,True,False,chilling,None
15H-AM-1013-01,33,99,7,-73.96579584336,40.77634968751,1,False,False,True,False,False,None,None
34I-AM-1012-03,1,719,13,-73.95467809634,40.79032165221,3,False,False,False,False,False,nut in mouth,None
15B-AM-1014-02,15,456,8,-73.97190684786,40.77890623126,2,False,False,False,False,False,"grooming,scratching",None
1B-PM-1019-07,33,167,12,-73.98059277109,40.76799891166,7,False,False,False,True,False,None,None
36C-PM-1013-05,34,600,15,-73.95960833665,40.79495267296,5,True,False,False,True,True,None,None
32C-PM-1013-09,3,147,15,-73.96197864501,40.79198762745,9,False,False,False,False,True,None,None
32F-PM-1008-03,1,395,19,-73.95849506209,40.79027707106,3,True,True,True,True,True,None,None
8B-AM-1007-05,21,649,10,-73.97663170942,40.7734230472,5,False,False,False,False,True,None,None
25I-AM-1012-02,9,377,13,-73.95952229992,40.78332025778,2,True,True,False,False,False,None,None
16A-PM-1019-02,9,914,12,-73.97269208478,40.77941174639,2,False,False,False,False,True,None,scared by dog
21D-AM-1008-01,15,630,21,-73.96631684903,40.78250837214,1,False,False,False,True,True,None,None
8I-AM-1006-02,33,432,18,-73.9693876554,40.77072327484,2,True,True,False,False,False,None,None
1A-AM-1007-03,15,338,10,-73.98069052597,40.76811522109,3,False,False,False,False,False,looking in bush,None
1B-AM-1012-09,34,167,13,-73.98016199561,40.76785766975,9,False,False,False,False,True,None,None
40E-PM-1017-03,9,637,17,-73.95476726556,40.79732436445,3,False,False,False,False,True,None,None
11E-PM-1012-03,33,427,4,-73.97139684246,40.77403901885,3,False,False,False,False,True,None,None
31C-AM-1017-01,1,566,20,-73.9621253644,40.79120820869,1,True,False,True,True,False,None,None
7I-PM-1013-03,37,601,15,-73.96962742914,40.76919808081,3,False,False,False,True,False,None,None
29D-PM-1010-01,39,602,9,-73.9622050752,40.78863737723,1,False,False,True,True,False,None,None
26A-AM-1014-02,38,538,8,-73.967455694,40.78753994025,2,False,True,False,False,True,None,could not get close due to fences
22A-AM-1008-06,21,491,21,-73.96900799241,40.78454735056,6,False,False,False,True,False,None,None
9I-PM-1010-02,1,553,9,-73.96897038807,40.77120256113,2,False,False,False,False,True,None,None
33B-PM-1010-02,36,189,9,-73.96169441958,40.7927250423,2,False,False,False,False,True,None,None
3E-AM-1006-06,15,364,18,-73.97583753343,40.76767932898,6,False,False,False,True,False,None,None
3F-AM-1006-10,22,981,18,-73.9743825578,40.76748126274,10,False,False,True,False,False,None,clueless
39E-PM-1013-02,9,353,15,-73.95501318375,40.79586172582,2,False,False,False,False,True,None,None
9B-PM-1013-06,34,417,15,-73.97629746988,40.7740076117,6,False,False,False,False,True,None,None
7G-AM-1010-05,15,900,2,-73.97190389495,40.77035334925,5,False,False,False,False,True,None,None
22F-PM-1014-01,15,1,14,-73.96486852159,40.78210641838,1,False,False,False,True,False,None,None
4A-PM-1007-01,1,578,3,-73.97938145045,40.77090336979,1,True,False,True,True,True,None,None
14D-PM-1019-02,21,17,12,-73.97142951022,40.77695437195,2,False,True,False,False,False,None,None
10C-AM-1018-02,1,22,16,-73.97486354738,40.77425910292,2,False,False,False,True,False,sitting in the sun,None
33F-PM-1012-02,1,758,4,-73.95845615374,40.79112111648,2,False,False,True,True,True,None,None
11B-AM-1007-02,21,765,10,-73.97427595499,40.77547238793,2,False,True,False,False,False,None,None
6B-PM-1017-07,15,786,17,-73.97675902736,40.77175618073,7,True,True,False,False,True,None,None
38D-AM-1017-04,9,907,20,-73.95744422055,40.79610465286,4,True,False,False,False,False,None,None
13F-PM-1008-05,15,253,19,-73.96933386572,40.77570558845,5,True,False,False,True,True,None,None
16I-AM-1008-02,2,378,21,-73.96498236877,40.77633953596,2,False,False,True,False,False,None,None
10F-PM-1019-01,15,982,12,-73.97102213615,40.77249396916,1,False,False,True,False,False,sitting,None
20F-PM-1007-03,33,635,3,-73.96472194193,40.78120844029,3,False,False,False,False,True,None,None
35D-PM-1013-06,33,513,15,-73.95894750654,40.79348468815,6,False,False,True,False,False,None,None
38F-PM-1013-04,10,769,15,-73.95482071063,40.79469918124,4,False,False,False,False,True,None,None
5C-AM-1006-04,9,117,18,-73.97686954979,40.77069824547,4,False,False,False,False,False,relaxing,None
14I-PM-1018-01,10,492,6,-73.96587472459,40.77540337375,1,True,False,False,False,True,None,None
33B-PM-1010-06,9,189,9,-73.96190163931,40.79251601269,6,False,False,False,False,True,None,None
11B-AM-1007-03,21,765,10,-73.97438779091,40.7754706116,3,False,True,False,False,False,None,None
35B-AM-1010-02,15,868,2,-73.96123526115,40.79448136347,2,False,False,False,False,True,None,None
19H-PM-1008-01,33,867,19,-73.96464954505,40.7791203699,1,False,False,False,True,False,None,None
15G-PM-1019-06,15,682,12,-73.96756976002,40.77667974145,6,False,False,False,False,True,scratching!,None
21D-PM-1008-03,33,118,19,-73.96765297807,40.78232069905,3,False,False,True,False,False,None,None
4A-PM-1007-06,33,603,3,-73.98002714879,40.7702554167,6,False,False,False,False,True,None,None
40D-AM-1013-01,15,629,7,-73.95610768245,40.79811457805,1,True,False,False,False,False,None,None
37B-AM-1018-05,15,28,16,-73.95994241156,40.79574725853,5,False,False,False,False,True,None,None
20B-PM-1013-04,33,394,15,-73.96951503199,40.78261351936,4,False,False,False,False,True,chased a bird carrying massive wad of grass,None
1F-AM-1010-04,21,185,2,-73.97661956971,40.76619072615,4,False,False,False,True,False,None,None
3G-PM-1013-03,21,782,15,-73.97443680387,40.76742819581,3,False,False,True,False,False,None,runs from (climbed tree to run from)
7I-PM-1013-08,12,869,15,-73.97001011073,40.76967295011,8,False,False,True,False,False,None,None
16E-AM-1014-01,15,514,8,-73.96850872881,40.77790681281,1,False,False,False,False,False,burying food,None
5F-PM-1007-05,15,131,3,-73.97355337135,40.7690605609,5,False,False,False,False,True,None,None
1B-AM-1012-01,21,167,13,-73.97969854109,40.76786128351,1,False,False,False,False,True,None,None
1D-AM-1006-03,22,299,18,-73.97810334485,40.76667240662,3,False,False,False,False,True,None,None
33E-AM-1014-13,4,527,8,-73.95912791279,40.79211971304,13,False,False,False,False,False,sitting,None
39C-AM-1017-03,35,130,20,-73.95790971043,40.79722733947,3,False,False,False,False,True,None,None
9C-PM-1006-03,33,246,22,-73.97548021389,40.77330080441,3,False,True,False,False,False,None,None
18C-AM-1018-02,15,517,16,-73.96914249979,40.7805428525,2,True,False,False,False,False,None,None
14D-PM-1019-03,10,17,12,-73.97136808377,40.77716615084,3,False,False,False,False,True,None,None
35A-AM-1014-01,33,891,8,-73.96175943168,40.79468037252,1,True,False,False,True,False,None,None
16H-AM-1007-01,21,177,10,-73.96602673659,40.77644439551,1,True,False,False,False,False,None,None
3F-AM-1006-12,13,323,18,-73.9743393747,40.76763467983,12,False,False,False,False,True,None,None
5I-AM-1010-06,21,671,2,-73.97035714916,40.76785156251,6,False,False,False,False,True,None,None
3I-PM-1013-01,12,912,15,-73.97224850576,40.7659043693,1,False,False,False,True,True,None,None
12F-AM-1020-01,22,379,5,-73.96948057455,40.77435569028,1,False,False,False,False,False,jumping,None
8H-PM-1014-02,33,650,14,-73.97013881025,40.77057929764,2,False,False,False,True,False,None,"froze & watched me,then went back to eating"
6G-AM-1008-05,21,870,21,-73.97249477107,40.76966193409,5,False,False,True,False,False,sitting,None
10E-AM-1010-01,15,380,2,-73.97147445749,40.77362661589,1,False,False,False,False,True,None,None
6I-PM-1013-07,34,709,15,-73.97015052454,40.76899836457,7,False,False,True,False,False,None,None
33B-AM-1010-04,21,189,2,-73.96131279784,40.79293215046,4,False,False,False,False,True,None,None
30B-PM-1019-09,1,25,12,-73.96398284314,40.79101519962,9,False,False,False,False,True,None,None
5I-PM-1008-02,12,493,19,-73.97124542517,40.76742627499,2,True,False,False,False,False,None,None
2F-PM-1014-10,33,274,14,-73.97494695669,40.76678053672,10,True,False,False,False,False,None,None
30H-PM-1006-01,15,983,22,-73.95723834788,40.78768573807,1,False,False,True,False,False,None,None
4E-AM-1020-04,27,906,5,-73.97554590905,40.7680866624,4,False,False,False,False,False,chillin',None
25I-PM-1007-01,21,227,3,-73.95915130285,40.78359780673,1,False,False,True,False,False,None,None
35B-PM-1013-06,15,223,15,-73.96156437429,40.79446784478,6,True,False,True,False,False,chased by dog #2,runs from (dog)
21D-AM-1008-03,21,630,21,-73.96645366112,40.78276941319,3,False,False,False,False,True,None,None
9G-PM-1007-02,15,636,3,-73.97099622853,40.77155407123,2,True,False,False,False,True,None,None
15C-AM-1010-01,21,705,2,-73.97086402918,40.77817210635,1,False,False,False,False,True,None,None
11B-AM-1007-04,21,765,10,-73.97442266829,40.77556257173,4,False,False,False,True,True,None,None
21B-AM-1019-07,21,931,1,-73.96902418054,40.78379675808,7,False,False,False,False,True,None,None
2D-PM-1012-01,1,646,4,-73.97790390826,40.76753131083,1,False,False,False,False,True,None,None
37F-AM-1010-01,15,984,2,-73.95596637344,40.79458282614,1,False,False,True,False,False,None,None
3I-AM-1010-01,21,912,2,-73.97210641502,40.7667053822,1,True,False,False,False,False,None,None
20B-PM-1013-03,33,394,15,-73.96954681502,40.78211420517,3,False,False,False,False,True,None,None
9F-PM-1014-07,12,631,14,-73.97199018486,40.77205259654,7,False,False,False,False,True,None,None
2A-AM-1010-03,15,254,2,-73.98101491476,40.76839253777,3,False,False,False,True,False,None,None
4C-PM-1010-17,2,119,9,-73.97819954369,40.76956605634,17,True,False,True,False,True,None,None
5G-PM-1010-04,15,46,9,-73.97357533521,40.7687061447,4,False,False,False,True,False,None,None
3F-AM-1006-02,33,323,18,-73.97516259103,40.76710234129,2,False,False,False,False,True,None,None
37B-AM-1018-06,21,871,16,-73.95970484901,40.79558464662,6,False,False,True,False,False,None,None
1F-AM-1010-02,21,185,2,-73.97653869654,40.76637197127,2,False,False,False,True,False,None,None
12F-PM-1007-15,1,12,3,-73.96981304526,40.77450006454,15,False,False,False,True,True,None,None
8H-PM-1014-01,15,650,14,-73.9707957461,40.77047272123,1,False,False,False,True,False,None,None
32A-AM-1018-05,21,885,16,-73.96359812276,40.79281695403,5,True,False,False,False,False,None,None
19E-PM-1018-05,11,57,6,-73.96650041485,40.78056564118,5,False,False,False,False,True,None,None
3D-AM-1006-01,9,120,18,-73.97696931407,40.76843900152,1,True,False,True,True,True,digging (?),runs from (man led his dog into the area to chase squirrel)
3H-AM-1008-02,21,540,21,-73.97271874537,40.76695957106,2,False,False,True,False,False,None,None
8A-AM-1013-01,15,747,7,-73.97717268315,40.77323207818,1,True,False,False,False,True,None,None
10B-AM-1006-03,15,872,18,-73.97529653169,40.77525385758,3,False,False,True,False,False,None,None
5A-PM-1010-04,22,156,9,-73.97899712868,40.77070241464,4,False,False,False,True,True,None,None
38C-AM-1019-06,21,85,1,-73.95810074371,40.79594031127,6,False,False,True,False,False,None,None
8I-PM-1013-03,1,432,15,-73.96941666423,40.76977886411,3,False,False,False,True,True,None,None
40C-PM-1006-06,3,873,22,-73.95685247711,40.79746649856,6,False,False,False,False,True,None,None
6A-PM-1012-06,33,814,4,-73.97863510291,40.7716114164,6,False,True,False,False,True,None,None
7C-PM-1020-03,15,90,11,-73.97581285097,40.77159460971,3,False,False,True,False,False,None,None
32E-PM-1017-08,21,152,17,-73.95901918125,40.79061669814,8,False,False,False,True,True,None,None
32A-PM-1013-02,7,885,15,-73.96388120604,40.79237149414,2,False,False,False,False,True,None,None
8I-PM-1013-08,2,479,15,-73.96926766598,40.77006789191,8,False,False,True,True,True,None,None
14B-AM-1007-01,15,810,10,-73.97297865709,40.77782385704,1,False,False,False,False,True,None,None
14D-PM-1019-14,15,17,12,-73.97063044051,40.77710605948,14,False,False,False,False,True,None,None
4D-AM-1012-03,21,13,13,-73.97665850342,40.76868684569,3,False,True,True,False,False,None,None
23A-AM-1018-03,10,337,16,-73.96898934127,40.78530873768,3,False,False,True,False,False,None,None
34I-AM-1012-01,1,719,13,-73.95445536977,40.79128662081,1,False,False,False,True,False,None,None
1C-PM-1013-10,34,656,15,-73.97963695007,40.7677999754,10,False,False,False,False,True,None,None
7C-PM-1020-01,15,692,11,-73.97548229389,40.77177668938,1,False,False,False,True,False,None,None
10F-AM-1007-03,21,626,10,-73.97087815045,40.77241380704,3,False,False,True,False,False,None,None
32D-PM-1006-05,47,508,22,-73.96051636983,40.7914179995,5,True,False,True,True,False,None,None
4G-AM-1006-01,33,820,18,-73.9736896363,40.76776308626,1,False,False,False,False,True,None,None
35B-PM-1013-02,25,223,15,-73.96143417385,40.79454642621,2,False,False,False,True,False,did not notice dog sitting a few yards away (10-20 ft),None
19H-AM-1010-04,1,867,2,-73.96429886907,40.7795591282,4,False,False,True,True,True,None,runs from human w/ dog
38I-AM-1019-02,9,190,1,-73.95226776577,40.79340348114,2,False,False,False,False,True,None,None
31F-AM-1013-01,35,494,7,-73.95968653181,40.78937871885,1,True,False,True,False,False,None,None
7H-PM-1006-01,1,255,22,-73.97133799144,40.76963676096,1,False,False,False,True,True,None,None
42G-AM-1018-02,21,271,16,-73.95144805187,40.79739516493,2,True,False,False,False,False,None,None
12E-PM-1018-05,34,16,6,-73.97116730065,40.77479796146,5,False,False,False,False,True,None,None
21G-AM-1014-04,33,277,8,-73.96393252683,40.78082897659,4,False,False,False,True,False,None,None
1F-AM-1010-04,21,185,2,-73.97658779206,40.76609460716,4,False,False,False,True,False,None,None
5G-PM-1010-02,15,46,9,-73.97346051766,40.76862188814,2,False,False,False,True,True,None,None
17E-AM-1017-02,21,874,20,-73.96759177022,40.77899222816,2,False,False,True,False,True,None,None
36F-PM-1012-06,33,14,4,-73.95642282387,40.79369088876,6,False,False,False,False,False,None,None
38C-PM-1014-04,33,762,14,-73.95795157569,40.7961254698,4,True,False,False,True,False,None,None
9D-AM-1008-04,21,178,21,-73.97397375926,40.77271304768,4,True,False,False,False,False,None,None
5C-PM-1010-03,22,502,9,-73.97718000981,40.77088631313,3,True,False,False,False,False,None,None
31E-AM-1014-01,21,965,8,-73.95969047403,40.78972000257,1,True,False,False,False,False,None,None
11G-PM-1013-02,15,985,15,-73.96971595629,40.77306714177,2,False,False,False,False,True,None,None
31E-PM-1006-07,15,965,22,-73.96044829015,40.78986462936,7,False,False,False,False,True,None,None
7H-PM-1006-10,21,530,22,-73.97063085006,40.76961748746,10,False,False,False,False,True,None,None
15E-PM-1008-09,21,760,19,-73.96991885445,40.77721803701,9,False,False,False,True,True,None,None
8D-PM-1007-02,15,676,3,-73.97373296558,40.77264244413,2,False,False,False,True,False,None,None
7C-AM-1012-01,15,692,13,-73.97663480786,40.77177156344,1,True,False,False,False,True,hopping around grass,None
3D-PM-1010-13,33,901,9,-73.9770439077,40.76857201417,13,True,False,False,False,False,None,None
23I-PM-1019-01,21,381,12,-73.96045762375,40.78181201014,1,True,False,False,False,False,running (across branches),None
15I-AM-1008-03,21,6,21,-73.96501982731,40.77598642913,3,True,False,False,False,False,None,None
9I-PM-1010-03,1,256,9,-73.96900801053,40.77102305151,3,False,False,False,False,True,None,None
42H-PM-1014-02,33,986,14,-73.95082755734,40.79757907367,2,True,False,False,False,False,None,None
4C-PM-1010-09,33,542,9,-73.97761511099,40.76946815584,9,False,True,False,False,True,None,None
16D-AM-1007-04,21,925,10,-73.96956851865,40.77882930263,4,False,False,True,False,False,None,None
5C-AM-1006-06,15,502,18,-73.97638367403,40.77061211515,6,False,False,False,True,False,None,None
7I-PM-1013-01,24,257,15,-73.97002641284,40.76920146377,1,False,False,False,True,False,None,None
15F-AM-1007-06,15,889,10,-73.96889167389,40.77670014717,6,True,False,False,False,False,pair with #5,None
34C-PM-1012-01,12,710,4,-73.95989733377,40.79333463605,1,False,False,False,False,True,digging,None
39F-AM-1014-02,15,604,8,-73.95438326099,40.79535506397,2,True,False,True,False,True,None,None
4B-AM-1010-06,21,175,2,-73.97883047141,40.76963736353,6,True,False,False,False,False,running from squirrel #5,None
31D-AM-1014-04,3,987,8,-73.96155167035,40.79052193884,4,True,False,False,True,True,None,None
6D-PM-1020-06,33,988,11,-73.9751454726,40.77029136157,6,False,False,False,False,True,None,None
14E-PM-1017-02,33,264,17,-73.96937190159,40.77687101606,2,False,False,False,False,True,staring,None
4C-PM-1010-13,1,542,9,-73.97754454412,40.76970965337,13,True,False,False,False,True,None,None
39B-PM-1014-05,33,664,14,-73.95849673689,40.79773203411,5,False,False,False,True,True,"pretended to bury a nut,stuck a leaf on top to make the spot less conspicuous.",None
8A-AM-1013-05,9,973,7,-73.97722392519,40.77317166658,5,True,False,True,True,False,None,None
38F-AM-1018-01,2,769,16,-73.95449953982,40.79497166937,1,True,False,False,False,False,None,None
7F-AM-1008-13,21,121,21,-73.9729410488,40.77094849646,13,True,False,False,True,True,ran up tree 4 feet and ate leaves,None
13E-AM-1017-07,15,7,20,-73.97064286418,40.77629339365,7,False,False,False,False,True,None,None
35I-PM-1006-01,15,495,22,-73.95382517163,40.79193601982,1,False,False,False,False,True,None,None
29C-AM-1007-05,37,266,10,-73.96329932463,40.78881995197,5,False,False,False,False,True,None,None
34A-AM-1012-01,15,228,13,-73.96205425147,40.79437317221,1,True,True,True,False,False,None,None
33E-AM-1014-11,23,799,8,-73.95893254373,40.79134455313,11,False,True,False,False,False,None,None
37G-AM-1014-04,21,26,8,-73.95492612425,40.79447019946,4,False,True,False,False,False,playing,None
20E-AM-1014-01,1,875,8,-73.96591561081,40.78107098187,1,True,False,False,True,True,None,None
15B-PM-1017-04,21,605,17,-73.97239959684,40.77887650784,4,False,False,False,False,True,None,None
38C-AM-1019-08,39,762,1,-73.95821507345,40.79628627943,8,True,False,False,False,True,None,None
21B-PM-1017-05,3,931,17,-73.9690212174,40.78340994041,5,True,False,False,False,False,None,None
41D-PM-1014-05,33,815,14,-73.9553603438,40.79852829632,5,False,False,False,True,False,None,None
16A-PM-1019-03,43,596,12,-73.9726056412,40.77934679047,3,False,False,True,False,False,None,None
8I-PM-1013-06,1,432,15,-73.96938410041,40.77041486583,6,False,False,False,False,True,None,None
10F-PM-1019-08,15,122,12,-73.97086289336,40.77256308868,8,True,False,False,False,True,digging,None
32C-AM-1014-02,21,688,8,-73.9613429185,40.79121580573,2,False,True,True,False,False,None,None
38A-PM-1013-04,15,429,15,-73.95983503855,40.79732740002,4,False,False,True,False,False,None,None
14E-AM-1008-11,33,264,21,-73.96978406677,40.77669404054,11,False,False,False,True,True,burying,curious
7C-AM-1012-03,15,692,13,-73.97635933907,40.77172970585,3,False,False,False,False,True,foraging (loving the acorns!),None
5D-AM-1020-04,31,145,5,-73.97595108428,40.76928828911,4,False,False,False,False,True,None,None
38F-PM-1013-03,10,769,15,-73.95486485186,40.79467309249,3,False,False,False,False,True,None,None
35A-PM-1013-07,33,891,15,-73.96159008339,40.79454312928,7,False,False,False,False,True,None,None
36I-PM-1007-02,21,501,3,-73.95310419065,40.79199168192,2,True,True,False,False,True,None,chased birds (blue jay)
3F-AM-1006-11,24,323,18,-73.97433690683,40.7675726966,11,False,False,False,True,False,None,None
35A-PM-1013-11,45,891,15,-73.9614599022,40.7945181286,11,True,False,False,False,False,None,None
8B-PM-1012-01,1,649,4,-73.97688679594,40.77348039546,1,True,False,False,False,True,None,None
3D-PM-1010-06,22,901,9,-73.97710090246,40.76887932889,6,False,False,False,False,True,None,None
3E-PM-1008-02,15,623,19,-73.97622273231,40.76845360377,2,False,False,False,False,True,None,None
9H-PM-1018-06,21,545,6,-73.96928490746,40.77087550981,6,True,True,False,False,False,None,None
2H-PM-1006-02,21,151,22,-73.97348276186,40.76561718329,2,False,False,False,True,False,None,None
36F-AM-1017-01,21,14,20,-73.95629468737,40.79385930126,1,True,False,False,False,False,None,runs from (dog)
4A-AM-1007-03,15,578,10,-73.97944816024,40.77063857286,3,False,False,False,False,True,None,None
3H-AM-1008-01,15,540,21,-73.97213480507,40.76669200467,1,False,False,False,False,False,teasing barking dog,indifferent by not caring about dog
19C-PM-1018-02,15,893,6,-73.96880716362,40.78120181595,2,False,False,False,False,True,None,None
15C-PM-1017-01,15,705,17,-73.97110012784,40.77874660958,1,True,False,False,True,True,None,None
17A-PM-1013-02,15,748,15,-73.97217994794,40.78100428272,2,False,False,False,True,False,None,None
2A-PM-1019-06,33,934,12,-73.98096886941,40.76885359749,6,False,False,False,False,True,None,None
38A-AM-1019-05,1,429,1,-73.9601851468,40.79686981515,5,False,False,False,False,True,standing on back legs,None
1E-PM-1007-03,21,333,3,-73.97755714039,40.76653165852,3,False,False,False,False,True,None,None
38F-AM-1018-03,1,769,16,-73.95502355893,40.79513123568,3,True,False,False,False,False,None,None
1B-PM-1019-02,33,167,12,-73.97993029522,40.76772072098,2,True,False,False,False,False,None,None
19A-PM-1013-02,33,938,15,-73.97041219895,40.7824040237,2,False,False,False,False,True,None,None
31H-PM-1008-04,21,382,19,-73.9572840458,40.78869333717,4,False,False,True,False,True,None,None
39D-PM-1012-01,33,952,4,-73.95645990772,40.79651850987,1,True,False,False,False,True,None,None
2A-AM-1010-09,33,749,2,-73.98016364007,40.76901920559,9,False,False,True,False,False,hopping & flipping around. this one was very energetic & jumping aorund,climbed a foot up a tree and watched me
37E-AM-1013-05,49,383,7,-73.9561498646,40.79492885619,5,False,False,False,False,False,None,None
8H-AM-1017-03,15,876,20,-73.96962858329,40.77040677979,3,True,False,False,False,True,None,None
31B-PM-1007-03,10,330,3,-73.96280044865,40.79155326401,3,False,False,False,False,True,None,None
42I-PM-1014-01,9,309,14,-73.95014572336,40.79709435656,1,False,False,True,False,False,None,None
15D-PM-1017-06,15,633,17,-73.97106749289,40.7778757544,6,False,False,False,False,False,walking,stopped and watched me before slowly moving on
13A-AM-1017-02,21,481,20,-73.97449173627,40.77783887377,2,True,False,False,False,False,None,None
5F-AM-1007-02,15,750,10,-73.97435094238,40.76900436773,2,True,True,False,False,True,None,None
35C-PM-1013-01,38,268,15,-73.96019888715,40.79434731613,1,False,False,True,False,True,None,None
2C-AM-1010-05,33,877,2,-73.97912175107,40.76765834754,5,False,False,False,True,True,None,None
26I-PM-1010-06,15,831,9,-73.95883398976,40.78480848654,6,False,False,True,False,True,None,None
19C-PM-1018-05,15,893,6,-73.96901744429,40.78176176965,5,True,False,False,False,False,None,None
20F-PM-1007-10,33,635,3,-73.96577644903,40.78119232293,10,False,False,False,False,True,None,None
4F-PM-1013-02,28,910,15,-73.97489626816,40.76787782717,2,True,False,False,False,False,None,None
5E-AM-1008-01,33,751,21,-73.97451411856,40.76914797812,1,False,False,False,True,False,None,None
11B-PM-1014-07,43,883,14,-73.97431653211,40.77546746786,7,True,False,False,True,True,None,None
36I-PM-1007-09,3,360,3,-73.95284292381,40.79226518489,9,True,True,False,False,False,burying nut,None
1E-AM-1006-01,15,333,18,-73.97750689157,40.76644243947,1,False,False,False,False,True,None,None
38C-PM-1014-08,15,762,14,-73.95779193653,40.79608532851,8,True,False,False,False,True,None,None
34A-PM-1013-01,15,63,15,-73.96288429601,40.79380485724,1,False,False,False,True,True,took a chestnut,None
16E-PM-1018-04,21,514,6,-73.96827608645,40.77807275694,4,False,False,False,False,True,None,None
17D-AM-1008-07,33,547,21,-73.96872146842,40.77928417202,7,True,False,False,False,False,None,None
35C-PM-1013-08,14,606,15,-73.96007389854,40.79383287988,8,False,False,False,False,False,None,did not *see*
14D-PM-1019-16,15,17,12,-73.97102730707,40.77665212462,16,True,False,False,False,False,None,None
35A-PM-1013-03,33,891,15,-73.96180940763,40.79440973682,3,True,False,False,True,True,None,None
32B-PM-1010-02,21,416,9,-73.96322385286,40.79203289913,2,False,False,False,False,True,None,None
36I-PM-1007-03,21,501,3,-73.95305878254,40.79190873092,3,False,False,False,False,True,None,None
14B-AM-1007-03,21,989,10,-73.97342592735,40.77819299193,3,False,False,False,False,False,None,None
42C-PM-1013-06,15,384,15,-73.95663007892,40.79936921208,6,False,False,True,True,False,None,None
40E-PM-1017-01,15,637,17,-73.95519234082,40.79683026614,1,False,False,False,False,True,None,None
15E-PM-1008-04,21,157,19,-73.96922711321,40.77752850884,4,False,False,True,False,False,None,None
32D-PM-1006-08,47,508,22,-73.96064260276,40.79172654198,8,False,False,False,True,False,None,stand on two feet and watching me
30E-PM-1008-01,15,716,19,-73.96114340827,40.78936717728,1,False,False,True,False,False,None,None
15H-PM-1008-06,24,496,19,-73.96588676604,40.77565235775,6,False,False,False,True,False,None,None
2H-PM-1006-01,21,151,22,-73.97342064353,40.76578546842,1,False,False,False,True,False,None,None
12A-PM-1013-02,9,743,15,-73.97459690392,40.77654982157,2,True,False,True,False,True,None,None
41I-PM-1017-01,15,302,17,-73.9507140046,40.79577009863,1,False,False,False,False,True,None,None
31D-AM-1014-01,38,123,8,-73.96154292034,40.79074176487,1,False,False,True,False,False,chased by a doggo,runs from (dogs!)
20F-PM-1007-12,33,258,3,-73.96535757587,40.78053399534,12,False,False,True,True,False,None,None
33D-AM-1017-09,4,165,20,-73.95958860632,40.79184051826,9,False,False,True,False,False,None,None
16D-AM-1007-06,22,149,10,-73.96941857862,40.77871899996,6,True,False,False,False,True,None,None
12G-AM-1012-05,1,286,13,-73.96900823149,40.77389939429,5,False,True,False,False,False,None,None
3E-PM-1008-04,21,364,19,-73.97636295415,40.7682321897,4,True,False,True,False,False,None,None
5C-PM-1010-08,2,502,9,-73.97680969536,40.77081852131,8,True,False,False,False,False,None,None
38B-AM-1019-03,3,273,1,-73.95938952535,40.79730858441,3,False,False,False,True,True,None,None
12F-PM-1007-10,15,752,3,-73.97036835102,40.7743975364,10,False,False,False,False,True,None,None
9I-AM-1014-04,15,553,8,-73.96918017914,40.77092723536,4,False,False,False,False,True,None,None
11H-AM-1010-02,46,392,2,-73.96819601386,40.7726867422,2,False,False,False,True,False,None,None
32C-AM-1014-04,21,688,8,-73.96126586889,40.79121199405,4,False,False,False,True,False,None,None
33I-PM-1006-01,21,652,22,-73.95458777412,40.79000012104,1,False,False,False,False,True,None,None
28D-AM-1012-06,13,187,13,-73.96280415779,40.78841801561,6,False,False,False,True,False,None,None
41A-PM-1007-01,33,898,3,-73.95871796138,40.79921195717,1,True,False,False,False,False,None,None
9B-AM-1010-04,14,168,2,-73.97529156017,40.773932957,4,True,False,True,False,False,None,None
1I-PM-1012-04,13,385,4,-73.97296259363,40.76526018513,4,False,False,True,False,False,None,None
41C-AM-1017-07,9,683,20,-73.95614328369,40.79826653472,7,False,False,False,False,True,None,None
12E-AM-1017-03,15,661,20,-73.97131483837,40.77495128504,3,False,False,True,False,True,None,None
33D-AM-1017-01,15,165,20,-73.96009470503,40.79160661377,1,False,False,True,False,False,None,None
7F-AM-1008-17,21,410,21,-73.97296700321,40.77118484382,17,False,False,False,False,True,scratching self,None
35E-PM-1006-05,21,409,22,-73.95777599809,40.79328809374,5,False,False,False,True,True,None,None
38E-AM-1010-11,15,607,2,-73.95628911716,40.79533939938,11,False,False,False,False,True,None,None
3I-PM-1013-04,9,912,15,-73.97206993775,40.76594026278,4,False,False,False,False,True,None,None
22B-PM-1014-04,34,413,14,-73.9681090825,40.78382758303,4,False,False,False,False,True,None,None
10H-AM-1014-04,25,690,8,-73.96870259124,40.77193198226,4,False,False,True,False,False,None,None
4I-AM-1006-01,12,990,18,-73.9712022111,40.76725043683,1,True,False,False,False,False,None,None
4B-PM-1018-04,21,24,6,-73.97873120256,40.77010714059,4,False,False,False,True,False,None,None
14G-AM-1012-01,27,904,13,-73.96714191195,40.77586024869,1,False,False,False,False,True,None,None
39F-AM-1014-01,15,196,8,-73.95420748143,40.795432224,1,True,False,False,False,True,None,None
38G-PM-1020-07,15,507,11,-73.95433737035,40.79438890871,7,False,True,False,False,True,None,None
12F-PM-1007-11,1,12,3,-73.97018081225,40.77446327309,11,False,False,False,False,True,None,None
9I-AM-1014-01,20,553,8,-73.96892042581,40.7712540589,1,False,False,False,False,True,digging deeeep,None
22E-PM-1014-02,21,991,14,-73.96563244629,40.78340347531,2,False,False,True,False,False,None,None
29D-AM-1014-03,3,497,8,-73.96260656729,40.78872264512,3,False,False,False,False,True,None,None
21B-PM-1017-01,13,931,17,-73.96926609775,40.78305323108,1,False,False,False,True,False,None,paused to look at me
7G-PM-1018-06,15,900,6,-73.97152512357,40.77036853598,6,False,False,False,False,True,grooming,None
34H-PM-1006-03,11,878,22,-73.95516398475,40.79085819989,3,False,False,False,True,False,None,None
3F-PM-1013-05,33,727,15,-73.97518067272,40.76719403323,5,True,False,False,False,False,None,None
28C-AM-1014-01,12,892,8,-73.96410881726,40.78865551842,1,True,False,False,False,False,None,None
5C-PM-1010-06,15,502,9,-73.97698851893,40.77089361734,6,False,False,False,True,True,None,None
23F-PM-1013-04,1,559,15,-73.96379835138,40.78287125164,4,False,False,False,False,True,None,indifferent (busy foraging)
8D-AM-1007-01,15,676,10,-73.97353836029,40.77231247039,1,False,False,False,False,True,None,acknowledged me though
20C-PM-1018-06,3,423,6,-73.9677368646,40.78215509648,6,True,False,False,False,False,None,None
29D-AM-1014-01,12,370,8,-73.9625932665,40.78853794773,1,False,False,False,False,True,None,None
14E-PM-1017-03,33,264,17,-73.97054094463,40.77646080877,3,False,False,False,True,False,None,None
15E-PM-1008-06,21,760,19,-73.96971093983,40.77762182608,6,False,False,False,True,True,burying,None
3B-PM-1007-04,23,879,3,-73.97896879059,40.76926931393,4,True,False,True,True,False,None,None
2A-PM-1019-05,42,259,12,-73.98108436111,40.76879054937,5,True,False,False,False,False,None,None
9B-AM-1010-07,33,417,2,-73.97617996993,40.77421340993,7,False,False,False,False,True,None,None
2E-PM-1014-04,22,828,14,-73.97678351601,40.76740303305,4,False,False,True,False,False,None,None
16D-PM-1010-07,21,149,9,-73.9700634278,40.77842237225,7,False,True,False,False,False,None,None
2G-AM-1010-04,21,204,2,-73.97526738844,40.76626424138,4,False,False,False,True,False,None,None
32H-PM-1006-03,33,115,22,-73.95634733417,40.78937123984,3,True,False,False,False,True,None,None
5A-AM-1006-02,10,386,18,-73.97917671563,40.77144452588,2,False,False,True,True,False,None,None
9A-AM-1013-07,36,551,7,-73.97637224338,40.77441214309,7,False,False,False,False,False,None,None
4H-PM-1006-02,1,321,22,-73.97291050023,40.76727580371,2,True,False,False,True,True,None,None
13G-PM-1008-01,3,369,19,-73.96838837501,40.77543443968,1,False,False,False,False,True,None,None
4D-PM-1008-09,2,608,19,-73.97653069703,40.76949568759,9,False,False,False,False,True,None,None
21F-AM-1018-07,9,804,16,-73.9647845656,40.78165738087,7,True,False,False,False,False,None,None
15F-AM-1007-03,15,889,10,-73.96868007849,40.77667390291,3,False,False,False,False,True,None,None
21C-AM-1014-04,36,948,8,-73.96735549353,40.78275272496,4,False,False,True,False,False,None,None
32E-AM-1007-02,21,888,10,-73.95936242594,40.79055223568,2,False,False,True,False,True,None,None
4H-AM-1006-01,15,321,18,-73.97237364946,40.76695013433,1,False,False,False,False,True,None,None
9D-AM-1008-02,21,178,21,-73.97428475527,40.7731740123,2,False,False,False,False,True,None,None
12E-PM-1018-01,13,16,6,-73.97121878907,40.77506401731,1,True,False,True,False,False,None,None
37G-PM-1007-06,21,526,3,-73.9541056052,40.79398639232,6,False,False,False,False,False,None,None
29C-PM-1006-02,15,266,22,-73.96310890114,40.78919194688,2,False,True,False,False,False,None,None
41B-AM-1010-11,15,753,2,-73.95769134927,40.79942160614,11,False,False,False,True,False,eating a mushroom!,None
3F-PM-1013-04,15,323,15,-73.975382564,40.76716620139,4,False,False,False,False,True,None,None
11H-AM-1010-09,9,926,2,-73.96826273821,40.77307667435,9,True,False,False,False,False,None,None
1B-PM-1019-05,33,167,12,-73.98029831383,40.76765407723,5,False,False,False,True,False,None,None
13E-PM-1008-08,6,7,19,-73.96976658301,40.77590949171,8,False,False,False,True,False,None,None
38H-AM-1019-01,9,260,1,-73.95331015441,40.79386342802,1,False,False,False,True,True,None,None
29H-PM-1006-02,21,890,22,-73.95766520873,40.78754579778,2,True,False,True,False,False,None,None
38C-PM-1014-07,33,762,14,-73.95760944325,40.79653426641,7,False,False,True,True,False,None,None
13D-AM-1014-05,33,139,8,-73.97116343407,40.77605533387,5,False,True,False,True,True,None,None
11E-PM-1012-02,1,427,4,-73.97142988804,40.77410578689,2,False,False,False,False,True,None,None
33B-AM-1010-02,21,189,2,-73.96182136447,40.79276488197,2,True,False,False,False,False,None,None
7C-AM-1012-02,15,692,13,-73.97650279536,40.77173273608,2,True,False,False,False,True,hopping around,None
16E-AM-1014-04,15,514,8,-73.96867562549,40.77774591027,4,False,True,False,False,False,None,None
35A-PM-1013-10,15,891,15,-73.9614659899,40.79455629076,10,True,False,False,False,False,None,None
3F-AM-1006-14,33,727,18,-73.97568897661,40.76760783086,14,True,False,True,False,False,running from dog,None
32A-PM-1013-07,15,885,15,-73.9632096393,40.79261384437,7,False,True,False,False,False,None,None
15H-AM-1013-02,21,99,7,-73.96591181894,40.77657399285,2,False,False,True,False,False,None,None
34H-PM-1006-06,21,754,22,-73.95516252723,40.79119307192,6,True,False,False,False,False,None,None
3F-PM-1013-06,33,727,15,-73.97473113124,40.7677319725,6,False,False,True,False,False,None,None
2A-AM-1010-05,33,992,2,-73.98093422906,40.76872656062,5,False,False,False,True,True,None,None
38A-PM-1013-05,12,429,15,-73.95964458616,40.7971948679,5,False,False,False,False,True,None,None
11I-PM-1012-02,21,452,4,-73.9681664642,40.7724669682,2,True,False,True,False,True,None,runs away from the ball
41E-PM-1013-02,33,441,15,-73.95503500969,40.79769421871,2,False,False,False,False,True,None,None
35B-PM-1013-05,21,223,15,-73.96159260313,40.79442232354,5,True,False,True,False,False,chased by dog #2,runs from (dog)
5E-PM-1012-04,1,764,4,-73.9754536566,40.76986049188,4,True,False,False,False,False,None,None
13D-PM-1018-14,9,139,6,-73.97111200795,40.77608019118,14,True,False,True,False,False,climbing (down),None
14H-PM-1012-07,15,38,4,-73.96640543278,40.77561808933,7,False,False,False,True,True,None,None
9B-AM-1010-05,33,417,2,-73.97506180081,40.77375211671,5,False,False,False,False,True,None,None
30B-PM-1019-07,29,25,12,-73.9643507588,40.79043246933,7,False,False,False,True,True,None,None
32E-AM-1007-08,21,609,10,-73.96003570184,40.79065397669,8,False,False,True,False,False,None,None
5B-PM-1013-03,21,838,15,-73.97785788223,40.77054327053,3,False,False,False,False,True,grooming,None
27I-AM-1007-04,15,431,10,-73.95874397565,40.78490061074,4,False,False,False,False,True,None,None
41C-PM-1007-02,1,683,3,-73.95652309636,40.79855638771,2,True,False,True,False,False,None,None
39E-AM-1018-02,21,353,16,-73.95560836957,40.79652237095,2,False,False,False,False,True,None,None
5E-AM-1008-07,15,610,21,-73.97535851576,40.76983986079,7,False,False,False,False,True,None,None
40B-PM-1014-04,15,622,14,-73.95860756697,40.79836955056,4,False,False,False,False,True,None,None
32I-PM-1007-01,15,287,3,-73.95525955648,40.78895330295,1,False,False,True,True,True,chirps,None
29A-PM-1019-02,15,79,12,-73.96511329041,40.79053841241,2,False,False,False,False,True,None,None
40G-PM-1013-01,21,36,15,-73.95319535949,40.79604135201,1,True,False,False,True,False,None,None
42F-PM-1017-03,38,261,17,-73.95309205326,40.79822569302,3,True,False,False,False,False,None,None
4D-PM-1008-13,2,13,19,-73.97726912102,40.7690960713,13,False,False,False,False,True,None,None
40I-AM-1018-02,34,140,16,-73.95076996671,40.79551660396,2,True,False,False,False,True,None,None
26A-PM-1006-04,21,428,22,-73.96722521368,40.78765047432,4,False,True,False,False,False,None,None
42F-PM-1017-04,43,261,17,-73.95321635352,40.79829703131,4,True,False,False,False,False,None,None
21B-AM-1019-01,3,931,1,-73.96932629522,40.78326041108,1,False,False,False,False,True,None,None
39C-PM-1006-04,33,130,22,-73.95792923401,40.7976287835,4,False,False,False,False,True,None,None
16B-PM-1017-01,33,44,17,-73.97147871782,40.77980494707,1,False,False,False,True,True,None,None
37D-PM-1014-06,21,245,14,-73.95788409412,40.79555862324,6,False,False,True,False,True,None,None
9A-AM-1013-06,10,53,7,-73.97650164137,40.7740672863,6,False,True,False,True,False,None,None
20E-AM-1014-02,15,875,8,-73.9661570478,40.78072715188,2,False,False,False,True,True,None,None
30I-PM-1006-04,15,442,22,-73.95683783303,40.78803178028,4,False,False,True,False,False,None,None
11E-AM-1013-03,21,427,7,-73.97159771705,40.77421726506,3,False,False,False,False,True,burying,None
13D-AM-1014-01,1,139,8,-73.9709912561,40.77589655952,1,True,False,False,False,True,None,None
5E-AM-1008-04,21,764,21,-73.97448474469,40.76924227444,4,False,False,False,False,True,None,None
32I-PM-1007-02,36,293,3,-73.95520823323,40.78905743311,2,False,False,True,False,False,"different sound - happy,playful chirps",None
1I-PM-1012-03,29,235,4,-73.97281464824,40.76529517147,3,False,False,False,True,False,None,None
20C-PM-1018-03,21,423,6,-73.96786131851,40.78221708875,3,False,False,False,False,True,None,None
4C-AM-1006-05,39,857,18,-73.97729086673,40.76972074047,5,False,False,True,True,True,None,None
20B-PM-1013-06,33,394,15,-73.96908322193,40.78234334099,6,False,True,False,False,False,None,None
3F-AM-1006-03,1,387,18,-73.97516155278,40.76701387151,3,False,False,False,False,True,None,None
22F-PM-1014-02,15,1,14,-73.96492302712,40.78217662157,2,False,False,False,False,True,None,None
4H-PM-1006-01,1,321,22,-73.9728723854,40.7670816165,1,False,False,False,True,True,None,None
3B-PM-1007-05,3,880,3,-73.97869409459,40.76908202769,5,False,False,True,True,False,None,None
36F-PM-1012-03,11,14,4,-73.95651796713,40.79366639404,3,False,False,False,False,True,None,None
6G-PM-1020-01,21,278,11,-73.97201023611,40.76921439303,1,True,True,False,False,False,None,None
21D-PM-1008-04,23,118,19,-73.96746671615,40.78243465483,4,False,False,False,True,False,None,i scared it
9H-AM-1006-04,1,545,18,-73.96982463699,40.77114727945,4,False,False,False,True,False,None,None
3E-PM-1008-01,21,364,19,-73.97618793,40.76839189703,1,False,False,True,False,True,None,None
1B-PM-1019-03,39,473,12,-73.9802842404,40.7678257385,3,False,True,False,False,False,None,None
13A-AM-1017-04,21,81,20,-73.97440253834,40.77772966058,4,True,False,False,False,False,None,None
22A-PM-1017-03,10,160,17,-73.96937014181,40.7840721192,3,False,False,False,True,False,None,None
20F-PM-1007-11,33,258,3,-73.96538732845,40.78046998826,11,False,False,True,False,False,None,None
31B-PM-1007-04,3,498,3,-73.96308223854,40.79148449899,4,False,False,False,True,False,None,None
40F-PM-1006-02,15,611,22,-73.95384757412,40.79647942196,2,False,False,False,False,True,None,None
5B-AM-1008-03,15,838,21,-73.9777124332,40.77040510567,3,True,False,False,True,True,None,None
33C-AM-1012-01,15,437,13,-73.9615396458,40.79235943668,1,False,True,True,False,False,None,None
34H-PM-1006-05,1,754,22,-73.95506847411,40.79117881529,5,True,False,False,False,True,None,None
30F-PM-1007-01,29,124,3,-73.95974536643,40.78913821537,1,False,False,True,False,False,None,None
34I-PM-1010-05,21,537,9,-73.95466167829,40.79097453374,5,False,False,False,False,True,None,None
39E-AM-1018-05,15,353,16,-73.95589957377,40.79600977346,5,False,False,False,False,True,None,None
16A-PM-1019-05,15,596,12,-73.97300272,40.77980008688,5,False,False,True,False,False,None,None
12F-AM-1020-04,9,12,5,-73.96972078056,40.77411056888,4,True,False,False,True,False,None,None
9C-PM-1006-07,16,388,22,-73.97440807001,40.77315157218,7,False,False,False,True,False,None,(me)
7F-PM-1012-03,15,410,4,-73.97265982569,40.77078624462,3,False,False,False,False,True,digging,None
37G-AM-1014-02,21,526,8,-73.95416290633,40.79342593016,2,True,False,False,False,False,ran away & disappeared,None
33H-AM-1019-01,9,619,1,-73.95658123379,40.79021276908,1,False,False,False,False,False,wrestling with child,None
12F-AM-1020-03,35,12,5,-73.96985928388,40.7743071444,3,False,False,False,False,False,playing,None
37B-AM-1018-04,21,28,16,-73.95983784958,40.79568430217,4,False,False,False,False,True,None,None
42F-AM-1019-02,33,920,1,-73.95308112557,40.79830691186,2,False,False,False,True,True,None,None
10D-AM-1008-02,22,687,21,-73.97292653005,40.77417682916,2,True,False,False,False,False,None,None
18H-PM-1014-02,33,311,14,-73.96459316756,40.77803748901,2,False,False,False,False,True,None,None
39E-AM-1018-01,15,353,16,-73.95525816277,40.79581476736,1,False,False,False,False,False,standing still,None
4C-PM-1010-05,15,542,9,-73.97716468353,40.76930491651,5,True,False,False,False,False,None,None
15B-PM-1017-03,33,881,17,-73.97262360834,40.77882177715,3,True,False,False,False,True,None,None
18I-PM-1007-05,8,917,3,-73.96364825569,40.77758315702,5,False,False,False,False,True,jumping crazily / digging hole,None
16E-AM-1014-06,15,514,8,-73.96880707608,40.77796882942,6,False,False,True,False,True,None,None
3B-PM-1007-02,21,771,3,-73.97931014827,40.76926002385,2,False,False,False,False,False,chased by dog,None
2B-AM-1010-06,21,620,2,-73.97973415156,40.76821502147,6,False,False,False,False,True,None,None
9C-PM-1006-04,2,531,22,-73.97478738997,40.77319452583,4,False,False,True,False,False,None,None
20A-AM-1010-01,15,389,2,-73.97059586025,40.78320607513,1,False,False,True,False,False,None,None
16E-PM-1018-10,22,514,6,-73.96895544586,40.7778593394,10,True,False,False,False,False,None,None
1C-AM-1012-02,1,656,13,-73.97941182347,40.76744955406,2,False,False,True,False,False,None,None
16E-AM-1014-05,15,514,8,-73.96863581295,40.77780355165,5,True,True,False,False,False,None,None
28D-AM-1012-01,22,792,13,-73.96310054704,40.78854940572,1,True,False,False,False,True,None,None
14A-PM-1014-08,1,520,14,-73.97358331042,40.77863180416,8,False,False,False,False,True,new movement flailing arms while foraging,None
15G-PM-1019-04,21,682,12,-73.96732205044,40.7770296346,4,False,False,False,False,True,None,None
14H-PM-1012-03,1,69,4,-73.9670432106,40.77534620135,3,True,False,False,True,True,None,None
13C-PM-1019-02,21,146,12,-73.97203897567,40.7763524092,2,True,False,False,False,False,None,None
3C-AM-1007-01,1,647,10,-73.97848727282,40.76881226039,1,True,False,False,False,False,None,None
32E-AM-1007-04,33,519,10,-73.95972600144,40.79070742303,4,False,False,False,False,True,None,None
21B-AM-1019-05,21,931,1,-73.96852016269,40.78332926123,5,True,False,False,False,True,None,None
21E-AM-1017-02,21,359,20,-73.96542881513,40.78159539702,2,False,True,False,False,False,None,None
40C-PM-1006-04,12,295,22,-73.95644789094,40.79769287754,4,True,False,False,False,False,None,None
42H-PM-1014-03,36,882,14,-73.95060629975,40.79761894967,3,False,False,False,False,False,None,None
5A-AM-1006-01,21,262,18,-73.97939239849,40.77084754746,1,False,False,True,False,False,None,None
32B-PM-1010-03,9,797,9,-73.96321647383,40.79212701213,3,False,False,False,True,False,None,None
34A-PM-1013-05,9,612,15,-73.96212979461,40.79440582228,5,True,False,False,False,False,None,None
3I-AM-1010-03,21,488,2,-73.97220533555,40.76620949936,3,True,False,False,False,False,None,None
1H-PM-1013-02,9,426,15,-73.97346304126,40.76530971394,2,False,False,False,True,True,None,None
42G-PM-1014-02,1,813,14,-73.95175251117,40.79744076411,2,False,False,True,True,False,None,None
7B-AM-1008-05,21,322,21,-73.97703138877,40.77248692521,5,False,True,False,False,False,None,None
1G-AM-1006-04,33,755,18,-73.97451524626,40.76554155159,4,False,True,False,False,True,collecting nest material,None
9A-AM-1013-12,24,811,7,-73.97685634023,40.77444873108,12,True,True,False,False,False,None,None
16H-PM-1014-01,39,177,14,-73.96573919182,40.77650247035,1,True,False,False,False,False,None,None
14E-AM-1008-10,21,264,21,-73.96995734852,40.7765857838,10,False,False,False,True,True,None,None
14D-AM-1014-01,1,17,8,-73.97034213914,40.77737065754,1,False,False,False,False,True,None,None
21C-AM-1014-05,15,616,8,-73.96721605338,40.78302639087,5,True,False,False,False,False,None,None
16A-PM-1019-01,21,914,12,-73.97272306098,40.77953416409,1,False,False,False,False,True,None,None
21D-AM-1008-05,15,630,21,-73.96721526968,40.78238745818,5,False,False,False,True,False,None,None
9F-AM-1013-03,33,631,7,-73.9714653576,40.77174001395,3,False,False,False,True,False,None,None
20F-PM-1007-13,24,325,3,-73.96501200661,40.78059328824,13,False,False,True,False,False,None,None
3E-AM-1006-03,15,623,18,-73.97679534689,40.76763769777,3,False,False,False,False,True,checkin' his stashes,None
38H-PM-1012-01,21,260,4,-73.95312336542,40.79411137775,1,False,False,False,False,True,None,None
9H-PM-1018-05,21,545,6,-73.96925635978,40.77090499995,5,True,True,False,False,False,None,None
14B-PM-1014-08,32,810,14,-73.97309262332,40.77813307517,8,False,False,False,True,True,None,None
13E-AM-1017-13,15,499,20,-73.97058379744,40.77584948497,13,False,False,False,False,True,None,None
21C-AM-1014-03,21,948,8,-73.96779031974,40.78265619178,3,False,True,True,False,False,None,looked at us from tree
42C-PM-1013-04,21,183,15,-73.95616692362,40.79947374313,4,False,False,True,False,True,None,None
32D-PM-1006-06,47,508,22,-73.96045994773,40.79150350102,6,True,False,False,False,False,None,None
1A-PM-1014-05,15,338,14,-73.98098765385,40.76832232421,5,False,False,False,True,False,None,None
18D-AM-1018-03,21,162,16,-73.9683460607,40.78054084479,3,False,False,False,False,True,None,None
7H-AM-1006-14,9,530,18,-73.97033289562,40.77010796978,14,False,False,False,False,True,None,None
13H-PM-1010-08,21,784,9,-73.96802044382,40.77438823227,8,True,False,False,False,False,None,None
21G-AM-1014-05,15,277,8,-73.96391143031,40.78091272288,5,False,True,True,False,False,None,None
23A-AM-1018-01,45,960,16,-73.96902666603,40.78531347515,1,False,False,False,True,False,None,None
21D-PM-1008-01,43,118,19,-73.96720637848,40.78260703957,1,False,False,True,False,False,None,None
22H-PM-1007-01,9,552,3,-73.96253485626,40.78121345174,1,False,False,False,False,True,None,None
5F-AM-1007-05,33,750,10,-73.97394038506,40.76931622875,5,True,False,False,False,True,None,None
22F-PM-1014-08,21,500,14,-73.96491033304,40.78239138604,8,False,False,True,False,False,None,None
6E-PM-1010-03,22,701,9,-73.97451509917,40.77006507999,3,False,True,False,True,False,chasing #4,None
32D-PM-1006-02,29,508,22,-73.96012151981,40.79097698012,2,True,False,False,True,False,None,None
39F-AM-1014-03,15,196,8,-73.9545225587,40.79560746631,3,True,False,False,False,False,None,None
18G-AM-1014-02,33,142,8,-73.96512062013,40.77852790648,2,True,False,False,False,False,None,None
2B-PM-1013-08,33,854,15,-73.97909801245,40.76859340939,8,False,False,False,True,False,None,None
13A-PM-1014-04,43,481,14,-73.97429860329,40.77704543182,4,False,False,False,True,False,None,None
4D-PM-1008-04,2,13,19,-73.97637194458,40.76895514133,4,False,False,False,False,True,None,None
40A-PM-1014-05,33,806,14,-73.95858621173,40.79865492511,5,False,False,False,True,True,eating (in a tree cage thing),None
12H-PM-1007-03,38,967,3,-73.96774743134,40.77421192408,3,False,False,False,True,False,peanuts,None
13D-AM-1014-02,34,139,8,-73.97116665234,40.7761513057,2,False,True,False,False,True,None,None
28B-PM-1010-01,33,756,9,-73.96547416956,40.78904278511,1,False,False,True,False,False,None,None
1G-PM-1010-03,15,728,9,-73.97473131522,40.76538883518,3,False,False,False,True,True,None,None
39F-PM-1006-01,21,196,22,-73.95417480832,40.79527584429,1,False,False,False,False,True,carrying leaves,None
10B-PM-1014-04,33,512,14,-73.97479631622,40.77450233558,4,False,False,False,True,True,None,avoided people
21H-PM-1018-03,21,45,6,-73.96252481452,40.78100229236,3,False,False,True,False,False,None,None
5F-PM-1007-04,15,131,3,-73.97362382586,40.76887127712,4,False,False,False,False,True,None,None
3I-AM-1010-05,21,912,2,-73.97225308263,40.76671380284,5,False,False,False,False,True,None,None
11H-AM-1010-08,15,926,2,-73.96870208008,40.77359034245,8,False,False,False,False,True,None,None
13E-AM-1017-04,21,7,20,-73.97036045429,40.77626902233,4,False,False,False,False,True,None,None
4D-PM-1008-10,2,613,19,-73.9767389133,40.76893236914,10,False,False,True,False,True,None,None
32A-AM-1018-04,21,614,16,-73.96305961034,40.79257206206,4,False,False,False,False,True,None,None
13D-AM-1014-09,15,139,8,-73.97132575864,40.77627196195,9,False,False,False,True,True,None,None
40A-AM-1010-02,15,615,2,-73.95872366196,40.79918501804,2,True,False,True,False,False,None,None
29A-AM-1013-01,15,79,7,-73.96544098386,40.79013387485,1,False,False,False,False,True,climbed tree (oak),None
33B-PM-1010-05,21,189,9,-73.96190192997,40.79244764397,5,False,False,False,False,False,None,None
18I-PM-1007-04,9,917,3,-73.96398014117,40.77789213026,4,False,False,False,False,False,walking sitting up,None
32A-AM-1018-03,21,885,16,-73.96314684569,40.79261103997,3,False,False,False,False,True,None,None
6C-PM-1020-01,33,263,11,-73.97666931844,40.77088792159,1,False,False,True,False,False,None,None
38D-AM-1017-06,4,907,20,-73.95757914216,40.79599344594,6,True,False,False,False,False,None,None
33E-AM-1014-01,4,527,8,-73.95941224351,40.79178711235,1,False,False,False,False,False,digging,None
11D-AM-1010-08,2,929,2,-73.97240833205,40.77441637681,8,False,False,False,True,True,drinking,None
41B-AM-1010-01,1,699,2,-73.95806816485,40.79920100127,1,False,False,False,False,True,None,None
20B-PM-1013-09,33,394,15,-73.96888170064,40.78291203214,9,False,False,False,False,True,None,None
35E-AM-1020-02,15,288,5,-73.95718087759,40.79344438667,2,False,False,False,False,False,cleaning herself,None
9F-PM-1014-06,15,631,14,-73.97164145864,40.77176011472,6,True,False,False,True,False,running (from birds),None
1B-AM-1012-04,38,167,13,-73.98000948285,40.76777825856,4,True,False,False,True,False,None,None
39I-PM-1013-02,3,467,15,-73.95134778152,40.79452596141,2,False,True,True,False,False,playing,None
21B-PM-1017-04,15,931,17,-73.96895866891,40.78396139071,4,False,False,False,True,True,None,None
14E-AM-1008-18,21,264,21,-73.97001589294,40.77623590666,18,False,False,False,True,True,None,None
3I-PM-1013-03,4,912,15,-73.97211593878,40.76605031886,3,True,False,True,False,False,None,None
8B-PM-1012-07,2,649,4,-73.97565337638,40.77335378814,7,False,False,False,True,True,None,None
31I-PM-1019-04,21,51,12,-73.95637248383,40.7882504581,4,True,False,False,False,False,None,None
4D-AM-1012-04,21,125,13,-73.97663427595,40.76875183809,4,False,True,True,False,False,None,None
31A-PM-1017-01,18,136,17,-73.96435382219,40.79175656047,1,False,False,False,False,True,None,None
6C-AM-1007-05,21,558,10,-73.97660121083,40.77123107254,5,False,True,True,False,False,chasing #4,None
23A-AM-1018-05,21,960,16,-73.96846326736,40.78489095252,5,True,False,False,False,False,None,None
4F-PM-1013-03,24,910,15,-73.97460632504,40.76876541968,3,False,False,False,False,True,None,None
40C-AM-1017-04,15,295,20,-73.95707222627,40.79857061435,4,False,True,False,True,True,chasing (#3),None
33B-AM-1010-01,21,189,2,-73.96172070912,40.79228390259,1,False,False,False,False,True,digging,None
25B-PM-1007-01,38,251,3,-73.96684427429,40.78707810426,1,False,False,False,True,True,None,None
15E-PM-1008-08,21,760,19,-73.97003334582,40.77725939386,8,False,False,False,True,False,None,None
35A-PM-1013-01,33,891,15,-73.96197353855,40.7944667975,1,False,False,False,False,True,None,None
11B-AM-1007-01,9,765,10,-73.97520792474,40.7755376979,1,True,False,False,False,False,None,None
10E-AM-1010-02,37,380,2,-73.97241518284,40.77308046345,2,True,False,False,False,True,None,None
12G-AM-1012-04,1,286,13,-73.96882933822,40.77389580276,4,False,False,False,False,True,None,None
1D-PM-1007-01,1,299,3,-73.97755922284,40.76684853293,1,False,False,False,False,True,None,None
6H-PM-1020-01,1,774,11,-73.9710991847,40.76898278242,1,False,False,False,False,True,None,None
12F-PM-1007-09,9,12,3,-73.96986639267,40.77399971041,9,True,False,False,False,True,None,None
36I-PM-1007-08,24,501,3,-73.95284828582,40.79220562183,8,False,False,False,True,False,None,None
33C-PM-1007-04,33,4,3,-73.96161411525,40.79218033133,4,False,False,False,False,True,None,None
2G-AM-1010-02,21,204,2,-73.97443902174,40.76631683626,2,False,False,False,True,False,None,None
31B-AM-1017-01,21,330,20,-73.9635140435,40.79128079694,1,False,False,False,True,False,None,None
42H-PM-1014-04,15,712,14,-73.95035333437,40.7976543604,4,True,True,False,False,False,None,None
21D-PM-1008-02,11,630,19,-73.9675637871,40.78238806717,2,False,False,False,False,True,None,None
37D-PM-1014-01,15,137,14,-73.95809068141,40.79484040605,1,False,False,False,False,True,None,eyes from a safe distance
23B-PM-1012-06,21,745,4,-73.96788313129,40.7847605975,6,False,False,False,False,False,None,scolding
35B-PM-1013-04,21,223,15,-73.96137019609,40.79433632278,4,True,False,True,False,True,"got threatened by dog (same dog,dog #1)",runs from (dog)
17I-AM-1014-03,1,198,8,-73.96466133731,40.77697854949,3,False,False,True,False,False,climbing (dog barked & it ran up tree),None
19E-PM-1018-04,43,57,6,-73.96655720043,40.78043475483,4,False,False,False,True,False,None,None
9B-AM-1010-08,1,417,2,-73.97591633005,40.77361807936,8,False,False,False,True,True,None,None
6D-PM-1020-02,3,34,11,-73.97564575979,40.77035597756,2,False,True,False,False,False,None,None
23C-AM-1019-01,1,403,1,-73.96628950797,40.7843300758,1,False,False,True,True,False,eating (on branch),None
21F-PM-1018-02,24,804,6,-73.96454374097,40.78115999333,2,False,False,False,False,True,None,None
30B-AM-1007-04,21,25,10,-73.96394313605,40.79086774455,4,False,False,False,True,True,None,None
19A-PM-1013-05,33,938,15,-73.97040158596,40.782560007,5,False,False,False,False,True,None,None
22D-PM-1012-07,29,414,4,-73.96658719935,40.78367750649,7,False,False,False,True,True,None,None
29B-PM-1010-02,32,795,9,-73.96399412279,40.78991523279,2,False,False,False,True,False,None,None
5E-PM-1012-01,2,764,4,-73.97547941916,40.7696404489,1,False,False,False,True,True,None,None
